Station,Date,Available_bikes
55,02/02/2021 05:16,2
195,02/02/2021 05:11,14
29,02/02/2021 05:12,2
280,02/02/2021 05:14,15
156,02/02/2021 05:15,16
242,02/02/2021 05:07,2
224,02/02/2021 05:10,0
229,02/02/2021 05:06,2
154,02/02/2021 05:07,14
96,02/02/2021 05:14,10
65,02/02/2021 05:16,5
22,02/02/2021 05:14,5
236,02/02/2021 05:11,9
111,02/02/2021 05:12,11
152,02/02/2021 05:10,18
243,02/02/2021 05:09,14
174,02/02/2021 05:12,16
276,02/02/2021 05:14,3
77,02/02/2021 05:08,2
137,02/02/2021 05:11,14
144,02/02/2021 05:14,16
40,02/02/2021 05:12,10
25,02/02/2021 05:08,1
74,02/02/2021 05:15,6
71,02/02/2021 05:14,2
105,02/02/2021 05:13,8
64,02/02/2021 05:15,5
3,02/02/2021 05:16,0
93,02/02/2021 05:14,14
139,02/02/2021 05:08,13
81,02/02/2021 05:12,24
60,02/02/2021 05:14,23
36,02/02/2021 05:14,10
227,02/02/2021 05:15,0
248,02/02/2021 05:07,13
53,02/02/2021 05:15,0
187,02/02/2021 05:14,7
87,02/02/2021 05:14,8
225,02/02/2021 05:15,5
121,02/02/2021 05:09,3
84,02/02/2021 05:14,9
208,02/02/2021 05:14,5
131,02/02/2021 05:10,17
239,02/02/2021 05:15,20
1,02/02/2021 05:14,0
37,02/02/2021 05:16,10
7,02/02/2021 05:14,18
259,02/02/2021 05:14,13
234,02/02/2021 05:10,12
192,02/02/2021 05:13,4
48,02/02/2021 05:10,2
175,02/02/2021 05:13,21
266,02/02/2021 05:13,10
166,02/02/2021 05:14,6
135,02/02/2021 05:15,12
79,02/02/2021 05:14,6
210,02/02/2021 05:06,11
75,02/02/2021 05:08,7
115,02/02/2021 05:15,12
221,02/02/2021 05:07,10
128,02/02/2021 05:07,21
67,02/02/2021 05:09,11
188,02/02/2021 05:12,6
118,02/02/2021 05:09,10
178,02/02/2021 05:14,5
41,02/02/2021 05:13,6
90,02/02/2021 05:10,2
68,02/02/2021 05:14,1
147,02/02/2021 05:16,12
109,02/02/2021 05:09,0
153,02/02/2021 05:15,15
262,02/02/2021 05:10,8
197,02/02/2021 05:14,0
23,02/02/2021 05:09,2
273,02/02/2021 05:15,1
183,02/02/2021 05:10,12
126,02/02/2021 05:15,22
255,02/02/2021 05:14,14
233,02/02/2021 05:10,12
254,02/02/2021 05:07,11
21,02/02/2021 05:14,0
62,02/02/2021 05:13,1
244,02/02/2021 05:15,16
24,02/02/2021 05:14,5
245,02/02/2021 05:09,9
196,02/02/2021 05:14,10
281,02/02/2021 05:14,13
260,02/02/2021 05:14,9
228,02/02/2021 05:14,1
124,02/02/2021 05:15,12
207,02/02/2021 05:13,4
11,02/02/2021 05:14,1
186,02/02/2021 05:13,3
235,02/02/2021 05:11,13
288,02/02/2021 05:08,1
150,02/02/2021 05:13,17
252,02/02/2021 05:07,9
184,02/02/2021 05:15,7
271,02/02/2021 05:13,5
33,02/02/2021 05:16,0
161,02/02/2021 05:10,15
172,02/02/2021 05:10,10
120,02/02/2021 05:11,7
268,02/02/2021 05:15,0
217,02/02/2021 05:14,14
82,02/02/2021 05:07,15
173,02/02/2021 05:11,19
70,02/02/2021 05:11,14
141,02/02/2021 05:14,14
108,02/02/2021 05:08,5
85,02/02/2021 05:14,8
202,02/02/2021 05:16,11
102,02/02/2021 05:12,10
143,02/02/2021 05:15,14
106,02/02/2021 05:10,12
30,02/02/2021 05:12,1
170,02/02/2021 05:08,11
274,02/02/2021 05:15,9
123,02/02/2021 05:11,5
6,02/02/2021 05:09,1
213,02/02/2021 05:12,4
257,02/02/2021 05:14,6
9,02/02/2021 05:12,9
97,02/02/2021 05:14,6
49,02/02/2021 05:14,2
191,02/02/2021 05:15,14
52,02/02/2021 05:14,0
104,02/02/2021 05:14,5
19,02/02/2021 05:11,3
13,02/02/2021 05:10,1
129,02/02/2021 05:08,13
287,02/02/2021 05:16,11
212,02/02/2021 05:08,6
284,02/02/2021 05:08,8
158,02/02/2021 05:08,16
168,02/02/2021 05:08,13
179,02/02/2021 05:06,7
204,02/02/2021 05:15,18
249,02/02/2021 05:15,12
15,02/02/2021 05:14,14
247,02/02/2021 05:12,7
134,02/02/2021 05:13,11
112,02/02/2021 05:12,18
76,02/02/2021 05:06,20
193,02/02/2021 05:10,3
190,02/02/2021 05:06,10
241,02/02/2021 05:14,3
253,02/02/2021 05:08,19
89,02/02/2021 05:10,6
100,02/02/2021 05:11,13
215,02/02/2021 05:14,6
54,02/02/2021 05:13,12
8,02/02/2021 05:11,8
180,02/02/2021 05:12,17
277,02/02/2021 05:14,8
214,02/02/2021 05:10,1
114,02/02/2021 05:14,7
2,02/02/2021 05:15,0
199,02/02/2021 05:07,2
223,02/02/2021 05:09,7
164,02/02/2021 05:08,7
51,02/02/2021 05:13,17
10,02/02/2021 05:07,25
35,02/02/2021 05:14,1
250,02/02/2021 05:09,1
45,02/02/2021 05:15,17
83,02/02/2021 05:14,8
47,02/02/2021 05:09,2
231,02/02/2021 05:06,7
44,02/02/2021 05:16,3
171,02/02/2021 05:10,6
162,02/02/2021 05:14,16
31,02/02/2021 05:14,4
138,02/02/2021 05:06,11
216,02/02/2021 05:11,10
194,02/02/2021 05:12,2
98,02/02/2021 05:08,20
263,02/02/2021 05:14,7
16,02/02/2021 05:09,14
169,02/02/2021 05:14,17
39,02/02/2021 05:15,18
201,02/02/2021 05:09,2
198,02/02/2021 05:15,1
101,02/02/2021 05:15,12
258,02/02/2021 05:14,7
56,02/02/2021 05:14,0
159,02/02/2021 05:08,14
72,02/02/2021 05:15,4
146,02/02/2021 05:15,11
261,02/02/2021 05:14,6
151,02/02/2021 05:09,18
238,02/02/2021 05:14,14
80,02/02/2021 05:11,14
57,02/02/2021 05:14,5
269,02/02/2021 05:14,5
285,02/02/2021 05:12,10
58,02/02/2021 05:13,6
272,02/02/2021 05:13,9
95,02/02/2021 05:15,22
222,02/02/2021 05:08,8
92,02/01/2021 21:01,5
38,02/02/2021 05:15,22
140,02/02/2021 05:08,24
4,02/02/2021 05:15,2
136,02/02/2021 05:15,15
176,02/02/2021 05:14,14
142,02/02/2021 05:15,3
237,02/02/2021 05:15,1
28,02/02/2021 05:14,2
182,02/02/2021 05:08,7
94,02/02/2021 05:14,17
206,02/02/2021 05:14,3
127,02/02/2021 05:16,10
279,02/02/2021 05:14,1
88,02/02/2021 05:15,0
251,02/02/2021 05:15,2
226,02/02/2021 05:12,5
91,02/02/2021 05:11,11
122,02/02/2021 05:14,7
185,02/02/2021 05:14,6
27,02/02/2021 05:12,3
220,02/02/2021 05:16,6
209,02/02/2021 05:09,3
78,02/02/2021 05:07,11
26,02/02/2021 05:09,3
230,02/02/2021 05:14,6
149,02/02/2021 05:15,8
59,02/02/2021 05:13,12
42,02/02/2021 05:15,9
246,02/02/2021 05:16,15
219,02/02/2021 05:15,10
163,02/02/2021 05:12,15
99,02/02/2021 05:09,1
267,02/02/2021 05:14,10
113,02/02/2021 05:13,8
133,02/02/2021 05:13,18
148,02/02/2021 05:07,19
283,02/02/2021 05:14,14
167,02/02/2021 05:15,18
205,02/02/2021 05:12,8
265,02/02/2021 05:14,14
116,02/02/2021 05:10,10
86,02/02/2021 05:14,14
66,02/02/2021 05:15,7
34,02/02/2021 05:16,2
240,02/02/2021 05:12,9
119,02/02/2021 05:09,20
275,02/02/2021 05:08,0
18,02/02/2021 05:15,1
160,02/02/2021 05:15,14
282,02/02/2021 05:14,14
130,02/02/2021 05:13,14
12,02/02/2021 05:15,1
117,02/02/2021 05:06,12
43,02/02/2021 05:14,22
232,02/02/2021 05:08,6
61,02/02/2021 05:13,8
211,02/02/2021 05:08,4
165,02/02/2021 05:16,14
278,02/02/2021 05:15,2
270,02/02/2021 05:08,13
103,02/02/2021 05:07,15
17,02/02/2021 05:10,11
46,02/02/2021 05:08,2
218,02/02/2021 05:08,14
203,02/02/2021 05:10,19
132,02/02/2021 05:14,18
145,02/02/2021 05:14,20
32,02/02/2021 05:08,4
5,02/02/2021 05:14,19
110,02/02/2021 05:14,1
125,02/02/2021 05:10,12
63,02/02/2021 05:15,4
177,02/02/2021 05:16,6
73,02/02/2021 05:14,10
200,02/02/2021 05:14,1
14,02/02/2021 05:07,2
181,02/02/2021 05:09,15
50,02/02/2021 05:15,11
20,02/02/2021 05:13,0
155,02/02/2021 05:15,11
264,02/02/2021 05:16,5
256,02/02/2021 05:14,10
69,02/02/2021 05:10,3
157,02/02/2021 05:15,19
189,02/02/2021 05:16,12
55,02/02/2021 05:46,2
195,02/02/2021 05:41,14
29,02/02/2021 05:42,2
280,02/02/2021 05:45,15
156,02/02/2021 05:46,16
242,02/02/2021 05:38,2
224,02/02/2021 05:40,0
229,02/02/2021 05:37,2
154,02/02/2021 05:37,14
96,02/02/2021 05:44,10
65,02/02/2021 05:37,5
22,02/02/2021 05:45,5
236,02/02/2021 05:42,9
111,02/02/2021 05:42,11
152,02/02/2021 05:41,18
243,02/02/2021 05:39,14
174,02/02/2021 05:42,16
276,02/02/2021 05:45,3
77,02/02/2021 05:39,2
137,02/02/2021 05:42,14
144,02/02/2021 05:41,9
40,02/02/2021 05:42,10
25,02/02/2021 05:38,1
74,02/02/2021 05:45,6
71,02/02/2021 05:44,2
105,02/02/2021 05:43,8
64,02/02/2021 05:45,5
3,02/02/2021 05:45,1
93,02/02/2021 05:44,14
139,02/02/2021 05:38,13
81,02/02/2021 05:42,24
60,02/02/2021 05:45,23
36,02/02/2021 05:45,10
227,02/02/2021 05:45,0
248,02/02/2021 05:37,13
53,02/02/2021 05:45,0
187,02/02/2021 05:44,7
87,02/02/2021 05:44,8
225,02/02/2021 05:37,5
121,02/02/2021 05:40,3
84,02/02/2021 05:44,9
208,02/02/2021 05:45,5
131,02/02/2021 05:45,8
239,02/02/2021 05:45,20
1,02/02/2021 05:45,0
37,02/02/2021 05:46,10
7,02/02/2021 05:44,18
259,02/02/2021 05:37,12
234,02/02/2021 05:40,12
192,02/02/2021 05:43,4
48,02/02/2021 05:40,2
175,02/02/2021 05:43,21
266,02/02/2021 05:43,10
166,02/02/2021 05:45,6
135,02/02/2021 05:45,12
79,02/02/2021 05:44,6
210,02/02/2021 05:37,11
75,02/02/2021 05:38,7
115,02/02/2021 05:45,12
221,02/02/2021 05:37,10
128,02/02/2021 05:37,21
67,02/02/2021 05:39,11
188,02/02/2021 05:43,6
118,02/02/2021 05:39,10
178,02/02/2021 05:45,5
41,02/02/2021 05:43,6
90,02/02/2021 05:44,13
68,02/02/2021 05:40,0
147,02/02/2021 05:46,12
109,02/02/2021 05:37,2
153,02/02/2021 05:46,14
262,02/02/2021 05:41,8
197,02/02/2021 05:44,0
23,02/02/2021 05:39,2
273,02/02/2021 05:41,1
183,02/02/2021 05:41,12
126,02/02/2021 05:45,22
255,02/02/2021 05:45,14
233,02/02/2021 05:40,12
254,02/02/2021 05:38,11
21,02/02/2021 05:44,0
62,02/02/2021 05:44,1
244,02/02/2021 05:45,16
24,02/02/2021 05:45,5
245,02/02/2021 05:39,9
196,02/02/2021 05:46,9
281,02/02/2021 05:45,13
260,02/02/2021 05:44,9
228,02/02/2021 05:44,1
124,02/02/2021 05:45,12
207,02/02/2021 05:44,4
11,02/02/2021 05:44,1
186,02/02/2021 05:44,3
235,02/02/2021 05:45,14
288,02/02/2021 05:38,1
150,02/02/2021 05:43,17
252,02/02/2021 05:37,9
184,02/02/2021 05:45,7
271,02/02/2021 05:43,5
33,02/02/2021 05:46,0
161,02/02/2021 05:40,15
172,02/02/2021 05:40,10
120,02/02/2021 05:41,7
268,02/02/2021 05:45,0
217,02/02/2021 05:44,14
82,02/02/2021 05:38,15
173,02/02/2021 05:41,19
70,02/02/2021 05:41,14
141,02/02/2021 05:44,14
108,02/02/2021 05:38,5
85,02/02/2021 05:45,8
202,02/02/2021 05:42,11
102,02/02/2021 05:42,10
143,02/02/2021 05:45,14
106,02/02/2021 05:40,12
30,02/02/2021 05:43,1
170,02/02/2021 05:38,11
274,02/02/2021 05:45,9
123,02/02/2021 05:41,5
6,02/02/2021 05:39,1
213,02/02/2021 05:42,4
257,02/02/2021 05:44,6
9,02/02/2021 05:42,9
97,02/02/2021 05:44,6
49,02/02/2021 05:44,2
191,02/02/2021 05:45,14
52,02/02/2021 05:44,0
104,02/02/2021 05:44,5
19,02/02/2021 05:42,3
13,02/02/2021 05:40,1
129,02/02/2021 05:42,13
287,02/02/2021 05:46,11
212,02/02/2021 05:39,6
284,02/02/2021 05:38,8
158,02/02/2021 05:41,15
168,02/02/2021 05:38,13
179,02/02/2021 05:37,7
204,02/02/2021 05:45,18
249,02/02/2021 05:45,12
15,02/02/2021 05:44,14
247,02/02/2021 05:43,7
134,02/02/2021 05:43,11
112,02/02/2021 05:42,18
76,02/02/2021 05:37,20
193,02/02/2021 05:40,3
190,02/02/2021 05:37,10
241,02/02/2021 05:44,3
253,02/02/2021 05:38,19
89,02/02/2021 05:40,6
100,02/02/2021 05:45,13
215,02/02/2021 05:45,6
54,02/02/2021 05:43,12
8,02/02/2021 05:41,8
180,02/02/2021 05:42,17
277,02/02/2021 05:45,8
214,02/02/2021 05:41,1
114,02/02/2021 05:45,7
2,02/02/2021 05:45,0
199,02/02/2021 05:37,2
223,02/02/2021 05:40,7
164,02/02/2021 05:38,7
51,02/02/2021 05:43,17
10,02/02/2021 05:37,25
35,02/02/2021 05:44,1
250,02/02/2021 05:39,1
45,02/02/2021 05:45,17
83,02/02/2021 05:38,8
47,02/02/2021 05:39,2
231,02/02/2021 05:37,7
44,02/02/2021 05:36,3
171,02/02/2021 05:40,6
162,02/02/2021 05:44,16
31,02/02/2021 05:44,4
138,02/02/2021 05:37,11
216,02/02/2021 05:42,10
194,02/02/2021 05:42,2
98,02/02/2021 05:38,20
263,02/02/2021 05:44,7
16,02/02/2021 05:39,14
169,02/02/2021 05:45,17
39,02/02/2021 05:45,18
201,02/02/2021 05:40,2
198,02/02/2021 05:45,1
101,02/02/2021 05:45,12
258,02/02/2021 05:44,7
56,02/02/2021 05:46,2
159,02/02/2021 05:39,14
72,02/02/2021 05:45,4
146,02/02/2021 05:45,11
261,02/02/2021 05:44,6
151,02/02/2021 05:39,18
238,02/02/2021 05:44,14
80,02/02/2021 05:41,14
57,02/02/2021 05:45,5
269,02/02/2021 05:44,5
285,02/02/2021 05:42,10
58,02/02/2021 05:44,6
272,02/02/2021 05:43,9
95,02/02/2021 05:46,20
222,02/02/2021 05:38,8
92,02/01/2021 21:01,5
38,02/02/2021 05:45,22
140,02/02/2021 05:46,26
4,02/02/2021 05:45,2
136,02/02/2021 05:45,15
176,02/02/2021 05:44,14
142,02/02/2021 05:45,3
237,02/02/2021 05:45,1
28,02/02/2021 05:44,2
182,02/02/2021 05:39,7
94,02/02/2021 05:45,17
206,02/02/2021 05:44,3
127,02/02/2021 05:37,10
279,02/02/2021 05:36,1
88,02/02/2021 05:45,0
251,02/02/2021 05:45,2
226,02/02/2021 05:42,5
91,02/02/2021 05:42,11
122,02/02/2021 05:45,7
185,02/02/2021 05:44,6
27,02/02/2021 05:37,3
220,02/02/2021 05:46,6
209,02/02/2021 05:39,3
78,02/02/2021 05:38,11
26,02/02/2021 05:39,3
230,02/02/2021 05:44,6
149,02/02/2021 05:45,8
59,02/02/2021 05:43,12
42,02/02/2021 05:45,9
246,02/02/2021 05:46,15
219,02/02/2021 05:45,10
163,02/02/2021 05:42,15
99,02/02/2021 05:39,1
267,02/02/2021 05:45,10
113,02/02/2021 05:43,8
133,02/02/2021 05:43,18
148,02/02/2021 05:38,19
283,02/02/2021 05:44,14
167,02/02/2021 05:45,18
205,02/02/2021 05:42,8
265,02/02/2021 05:45,14
116,02/02/2021 05:41,10
86,02/02/2021 05:44,14
66,02/02/2021 05:45,7
34,02/02/2021 05:46,2
240,02/02/2021 05:42,9
119,02/02/2021 05:39,20
275,02/02/2021 05:39,0
18,02/02/2021 05:40,2
160,02/02/2021 05:39,15
282,02/02/2021 05:40,14
130,02/02/2021 05:44,14
12,02/02/2021 05:45,1
117,02/02/2021 05:37,12
43,02/02/2021 05:44,22
232,02/02/2021 05:38,6
61,02/02/2021 05:37,9
211,02/02/2021 05:45,4
165,02/02/2021 05:46,14
278,02/02/2021 05:45,2
270,02/02/2021 05:38,13
103,02/02/2021 05:37,15
17,02/02/2021 05:40,12
46,02/02/2021 05:38,2
218,02/02/2021 05:38,14
203,02/02/2021 05:40,19
132,02/02/2021 05:44,18
145,02/02/2021 05:43,17
32,02/02/2021 05:38,4
5,02/02/2021 05:44,19
110,02/02/2021 05:44,1
125,02/02/2021 05:41,12
63,02/02/2021 05:45,4
177,02/02/2021 05:36,6
73,02/02/2021 05:45,10
200,02/02/2021 05:45,1
14,02/02/2021 05:37,2
181,02/02/2021 05:40,15
50,02/02/2021 05:45,11
20,02/02/2021 05:43,0
155,02/02/2021 05:46,11
264,02/02/2021 05:36,5
256,02/02/2021 05:44,10
69,02/02/2021 05:40,3
157,02/02/2021 05:45,19
189,02/02/2021 05:46,12
55,02/02/2021 06:07,2
195,02/02/2021 06:12,14
29,02/02/2021 06:13,2
280,02/02/2021 06:15,15
156,02/02/2021 06:16,16
242,02/02/2021 06:08,2
224,02/02/2021 06:11,0
229,02/02/2021 06:07,2
154,02/02/2021 06:07,14
96,02/02/2021 06:15,10
65,02/02/2021 06:07,5
22,02/02/2021 06:15,5
236,02/02/2021 06:12,9
111,02/02/2021 06:15,18
152,02/02/2021 06:11,18
243,02/02/2021 06:08,8
174,02/02/2021 06:13,16
276,02/02/2021 06:15,3
77,02/02/2021 06:11,2
137,02/02/2021 06:12,14
144,02/02/2021 06:12,9
40,02/02/2021 06:13,10
25,02/02/2021 06:08,1
74,02/02/2021 06:16,6
71,02/02/2021 06:15,2
105,02/02/2021 06:11,9
64,02/02/2021 06:16,5
3,02/02/2021 06:16,1
93,02/02/2021 06:15,14
139,02/02/2021 06:09,13
81,02/02/2021 06:12,24
60,02/02/2021 06:15,23
36,02/02/2021 06:15,10
227,02/02/2021 06:16,0
248,02/02/2021 06:07,13
53,02/02/2021 06:15,0
187,02/02/2021 06:15,7
87,02/02/2021 06:14,8
225,02/02/2021 06:07,5
121,02/02/2021 06:08,3
84,02/02/2021 06:15,9
208,02/02/2021 06:15,5
131,02/02/2021 06:16,8
239,02/02/2021 06:16,20
1,02/02/2021 06:15,0
37,02/02/2021 06:15,10
7,02/02/2021 06:15,18
259,02/02/2021 06:08,11
234,02/02/2021 06:11,12
192,02/02/2021 06:14,4
48,02/02/2021 06:16,8
175,02/02/2021 06:14,21
266,02/02/2021 06:14,10
166,02/02/2021 06:15,6
135,02/02/2021 06:15,12
79,02/02/2021 06:15,6
210,02/02/2021 06:07,11
75,02/02/2021 06:09,7
115,02/02/2021 06:16,12
221,02/02/2021 06:07,10
128,02/02/2021 06:08,21
67,02/02/2021 06:10,11
188,02/02/2021 06:13,6
118,02/02/2021 06:10,10
178,02/02/2021 06:16,6
41,02/02/2021 06:14,6
90,02/02/2021 06:14,13
68,02/02/2021 06:11,0
147,02/02/2021 06:16,12
109,02/02/2021 06:08,2
153,02/02/2021 06:10,14
262,02/02/2021 06:11,8
197,02/02/2021 06:09,6
23,02/02/2021 06:10,2
273,02/02/2021 06:11,1
183,02/02/2021 06:11,12
126,02/02/2021 06:16,22
255,02/02/2021 06:15,14
233,02/02/2021 06:10,12
254,02/02/2021 06:08,11
21,02/02/2021 06:15,0
62,02/02/2021 06:16,2
244,02/02/2021 06:15,15
24,02/02/2021 06:15,5
245,02/02/2021 06:10,9
196,02/02/2021 06:16,9
281,02/02/2021 06:15,13
260,02/02/2021 06:15,9
228,02/02/2021 06:15,1
124,02/02/2021 06:16,12
207,02/02/2021 06:14,4
11,02/02/2021 06:15,1
186,02/02/2021 06:14,3
235,02/02/2021 06:15,14
288,02/02/2021 06:12,13
150,02/02/2021 06:13,17
252,02/02/2021 06:07,9
184,02/02/2021 06:16,7
271,02/02/2021 06:14,5
33,02/02/2021 06:08,3
161,02/02/2021 06:11,12
172,02/02/2021 06:11,10
120,02/02/2021 06:11,7
268,02/02/2021 06:16,0
217,02/02/2021 06:15,14
82,02/02/2021 06:08,15
173,02/02/2021 06:11,19
70,02/02/2021 06:12,14
141,02/02/2021 06:15,14
108,02/02/2021 06:08,5
85,02/02/2021 06:15,8
202,02/02/2021 06:13,11
102,02/02/2021 06:12,10
143,02/02/2021 06:16,14
106,02/02/2021 06:11,12
30,02/02/2021 06:13,1
170,02/02/2021 06:09,11
274,02/02/2021 06:16,9
123,02/02/2021 06:11,5
6,02/02/2021 06:10,1
213,02/02/2021 06:13,4
257,02/02/2021 06:15,6
9,02/02/2021 06:13,9
97,02/02/2021 06:15,6
49,02/02/2021 06:15,2
191,02/02/2021 06:16,14
52,02/02/2021 06:14,0
104,02/02/2021 06:15,5
19,02/02/2021 06:12,3
13,02/02/2021 06:11,1
129,02/02/2021 06:12,12
287,02/02/2021 06:07,11
212,02/02/2021 06:09,6
284,02/02/2021 06:11,8
158,02/02/2021 06:11,15
168,02/02/2021 06:09,13
179,02/02/2021 06:07,7
204,02/02/2021 06:16,18
249,02/02/2021 06:16,12
15,02/02/2021 06:15,14
247,02/02/2021 06:13,7
134,02/02/2021 06:16,10
112,02/02/2021 06:13,18
76,02/02/2021 06:07,20
193,02/02/2021 06:13,2
190,02/02/2021 06:07,10
241,02/02/2021 06:15,3
253,02/02/2021 06:12,10
89,02/02/2021 06:11,6
100,02/02/2021 06:08,13
215,02/02/2021 06:15,6
54,02/02/2021 06:11,12
8,02/02/2021 06:12,8
180,02/02/2021 06:11,17
277,02/02/2021 06:15,8
214,02/02/2021 06:15,12
114,02/02/2021 06:15,7
2,02/02/2021 06:16,0
199,02/02/2021 06:08,2
223,02/02/2021 06:10,7
164,02/02/2021 06:09,7
51,02/02/2021 06:14,17
10,02/02/2021 06:14,26
35,02/02/2021 06:15,1
250,02/02/2021 06:10,1
45,02/02/2021 06:16,17
83,02/02/2021 06:09,7
47,02/02/2021 06:10,2
231,02/02/2021 06:07,7
44,02/02/2021 06:07,3
171,02/02/2021 06:11,6
162,02/02/2021 06:13,10
31,02/02/2021 06:15,4
138,02/02/2021 06:07,11
216,02/02/2021 06:12,10
194,02/02/2021 06:13,2
98,02/02/2021 06:06,19
263,02/02/2021 06:15,7
16,02/02/2021 06:10,14
169,02/02/2021 06:14,16
39,02/02/2021 06:16,18
201,02/02/2021 06:10,2
198,02/02/2021 06:16,1
101,02/02/2021 06:15,12
258,02/02/2021 06:15,7
56,02/02/2021 06:07,3
159,02/02/2021 06:09,14
72,02/02/2021 06:16,4
146,02/02/2021 06:16,11
261,02/02/2021 06:15,6
151,02/02/2021 06:10,18
238,02/02/2021 06:15,14
80,02/02/2021 06:11,14
57,02/02/2021 06:13,5
269,02/02/2021 06:15,5
285,02/02/2021 06:10,10
58,02/02/2021 06:14,6
272,02/02/2021 06:15,9
95,02/02/2021 06:16,18
222,02/02/2021 06:10,9
92,02/01/2021 21:01,5
38,02/02/2021 06:16,22
140,02/02/2021 06:07,16
4,02/02/2021 06:16,2
136,02/02/2021 06:16,11
176,02/02/2021 06:15,14
142,02/02/2021 06:16,3
237,02/02/2021 06:16,1
28,02/02/2021 06:15,2
182,02/02/2021 06:09,7
94,02/02/2021 06:15,17
206,02/02/2021 06:15,3
127,02/02/2021 06:07,10
279,02/02/2021 06:11,2
88,02/02/2021 06:16,0
251,02/02/2021 06:13,1
226,02/02/2021 06:13,5
91,02/02/2021 06:12,11
122,02/02/2021 06:08,6
185,02/02/2021 06:15,5
27,02/02/2021 06:08,3
220,02/02/2021 06:07,6
209,02/02/2021 06:10,3
78,02/02/2021 06:08,11
26,02/02/2021 06:10,3
230,02/02/2021 06:15,6
149,02/02/2021 06:16,8
59,02/02/2021 06:06,13
42,02/02/2021 06:16,9
246,02/02/2021 06:06,15
219,02/02/2021 06:16,10
163,02/02/2021 06:06,14
99,02/02/2021 06:10,1
267,02/02/2021 06:15,10
113,02/02/2021 06:13,8
133,02/02/2021 06:14,18
148,02/02/2021 06:16,19
283,02/02/2021 06:15,14
167,02/02/2021 06:16,18
205,02/02/2021 06:12,8
265,02/02/2021 06:15,14
116,02/02/2021 06:11,10
86,02/02/2021 06:15,14
66,02/02/2021 06:16,7
34,02/02/2021 06:07,2
240,02/02/2021 06:13,9
119,02/02/2021 06:10,20
275,02/02/2021 06:09,0
18,02/02/2021 06:10,2
160,02/02/2021 06:10,15
282,02/02/2021 06:11,13
130,02/02/2021 06:08,15
12,02/02/2021 06:07,2
117,02/02/2021 06:07,12
43,02/02/2021 06:15,22
232,02/02/2021 06:09,6
61,02/02/2021 06:08,10
211,02/02/2021 06:09,4
165,02/02/2021 06:16,8
278,02/02/2021 06:16,2
270,02/02/2021 06:09,13
103,02/02/2021 06:08,15
17,02/02/2021 06:11,12
46,02/02/2021 06:09,2
218,02/02/2021 06:09,14
203,02/02/2021 06:11,19
132,02/02/2021 06:07,18
145,02/02/2021 06:11,17
32,02/02/2021 06:09,4
5,02/02/2021 06:15,19
110,02/02/2021 06:12,7
125,02/02/2021 06:11,12
63,02/02/2021 06:16,4
177,02/02/2021 06:07,6
73,02/02/2021 06:15,10
200,02/02/2021 06:15,1
14,02/02/2021 06:16,3
181,02/02/2021 06:10,15
50,02/02/2021 06:15,11
20,02/02/2021 06:14,0
155,02/02/2021 06:16,11
264,02/02/2021 06:07,5
256,02/02/2021 06:15,10
69,02/02/2021 06:10,3
157,02/02/2021 06:09,16
189,02/02/2021 06:07,12
55,02/02/2021 06:37,2
195,02/02/2021 06:41,14
29,02/02/2021 06:43,2
280,02/02/2021 06:45,16
156,02/02/2021 06:43,14
242,02/02/2021 06:39,2
224,02/02/2021 06:41,0
229,02/02/2021 06:38,2
154,02/02/2021 06:38,14
96,02/02/2021 06:45,10
65,02/02/2021 06:37,5
22,02/02/2021 06:46,5
236,02/02/2021 06:43,9
111,02/02/2021 06:45,18
152,02/02/2021 06:42,18
243,02/02/2021 06:38,8
174,02/02/2021 06:38,15
276,02/02/2021 06:46,3
77,02/02/2021 06:41,2
137,02/02/2021 06:38,14
144,02/02/2021 06:42,9
40,02/02/2021 06:43,10
25,02/02/2021 06:39,1
74,02/02/2021 06:46,6
71,02/02/2021 06:42,1
105,02/02/2021 06:41,9
64,02/02/2021 06:46,5
3,02/02/2021 06:46,1
93,02/02/2021 06:45,14
139,02/02/2021 06:46,14
81,02/02/2021 06:43,24
60,02/02/2021 06:45,23
36,02/02/2021 06:46,10
227,02/02/2021 06:46,0
248,02/02/2021 06:38,13
53,02/02/2021 06:46,0
187,02/02/2021 06:45,7
87,02/02/2021 06:40,9
225,02/02/2021 06:37,5
121,02/02/2021 06:43,3
84,02/02/2021 06:45,9
208,02/02/2021 06:46,5
131,02/02/2021 06:46,8
239,02/02/2021 06:46,20
1,02/02/2021 06:45,0
37,02/02/2021 06:43,10
7,02/02/2021 06:40,6
259,02/02/2021 06:39,11
234,02/02/2021 06:41,12
192,02/02/2021 06:44,4
48,02/02/2021 06:37,8
175,02/02/2021 06:44,21
266,02/02/2021 06:44,10
166,02/02/2021 06:45,6
135,02/02/2021 06:46,12
79,02/02/2021 06:45,6
210,02/02/2021 06:38,11
75,02/02/2021 06:40,6
115,02/02/2021 06:46,12
221,02/02/2021 06:38,10
128,02/02/2021 06:38,21
67,02/02/2021 06:40,11
188,02/02/2021 06:44,6
118,02/02/2021 06:40,10
178,02/02/2021 06:46,6
41,02/02/2021 06:44,6
90,02/02/2021 06:38,14
68,02/02/2021 06:41,0
147,02/02/2021 06:37,12
109,02/02/2021 06:38,2
153,02/02/2021 06:40,14
262,02/02/2021 06:43,8
197,02/02/2021 06:41,15
23,02/02/2021 06:40,2
273,02/02/2021 06:46,1
183,02/02/2021 06:42,12
126,02/02/2021 06:46,22
255,02/02/2021 06:45,14
233,02/02/2021 06:41,12
254,02/02/2021 06:39,11
21,02/02/2021 06:45,0
62,02/02/2021 06:46,2
244,02/02/2021 06:46,15
24,02/02/2021 06:46,5
245,02/02/2021 06:40,9
196,02/02/2021 06:45,8
281,02/02/2021 06:37,13
260,02/02/2021 06:45,9
228,02/02/2021 06:45,1
124,02/02/2021 06:46,12
207,02/02/2021 06:45,4
11,02/02/2021 06:45,1
186,02/02/2021 06:45,3
235,02/02/2021 06:46,14
288,02/02/2021 06:43,13
150,02/02/2021 06:44,17
252,02/02/2021 06:38,9
184,02/02/2021 06:46,7
271,02/02/2021 06:44,5
33,02/02/2021 06:38,3
161,02/02/2021 06:41,12
172,02/02/2021 06:41,10
120,02/02/2021 06:42,7
268,02/02/2021 06:46,0
217,02/02/2021 06:43,13
82,02/02/2021 06:39,15
173,02/02/2021 06:42,19
70,02/02/2021 06:42,13
141,02/02/2021 06:45,14
108,02/02/2021 06:39,5
85,02/02/2021 06:45,8
202,02/02/2021 06:43,11
102,02/02/2021 06:43,10
143,02/02/2021 06:46,14
106,02/02/2021 06:41,12
30,02/02/2021 06:44,1
170,02/02/2021 06:39,11
274,02/02/2021 06:46,9
123,02/02/2021 06:42,5
6,02/02/2021 06:40,1
213,02/02/2021 06:46,13
257,02/02/2021 06:45,6
9,02/02/2021 06:43,9
97,02/02/2021 06:45,6
49,02/02/2021 06:45,2
191,02/02/2021 06:46,14
52,02/02/2021 06:39,1
104,02/02/2021 06:45,5
19,02/02/2021 06:37,4
13,02/02/2021 06:41,1
129,02/02/2021 06:43,12
287,02/02/2021 06:37,11
212,02/02/2021 06:40,6
284,02/02/2021 06:39,8
158,02/02/2021 06:45,16
168,02/02/2021 06:39,13
179,02/02/2021 06:38,7
204,02/02/2021 06:41,17
249,02/02/2021 06:46,12
15,02/02/2021 06:45,14
247,02/02/2021 06:44,7
134,02/02/2021 06:45,10
112,02/02/2021 06:43,18
76,02/02/2021 06:38,20
193,02/02/2021 06:43,2
190,02/02/2021 06:37,10
241,02/02/2021 06:45,3
253,02/02/2021 06:42,10
89,02/02/2021 06:44,7
100,02/02/2021 06:41,13
215,02/02/2021 06:46,6
54,02/02/2021 06:41,12
8,02/02/2021 06:42,8
180,02/02/2021 06:42,16
277,02/02/2021 06:45,8
214,02/02/2021 06:39,11
114,02/02/2021 06:46,7
2,02/02/2021 06:37,1
199,02/02/2021 06:38,2
223,02/02/2021 06:41,7
164,02/02/2021 06:39,7
51,02/02/2021 06:46,8
10,02/02/2021 06:45,26
35,02/02/2021 06:45,1
250,02/02/2021 06:40,1
45,02/02/2021 06:43,8
83,02/02/2021 06:39,7
47,02/02/2021 06:38,11
231,02/02/2021 06:38,7
44,02/02/2021 06:37,3
171,02/02/2021 06:46,5
162,02/02/2021 06:44,10
31,02/02/2021 06:45,4
138,02/02/2021 06:38,11
216,02/02/2021 06:43,10
194,02/02/2021 06:43,2
98,02/02/2021 06:37,19
263,02/02/2021 06:45,7
16,02/02/2021 06:40,14
169,02/02/2021 06:45,16
39,02/02/2021 06:46,18
201,02/02/2021 06:40,2
198,02/02/2021 06:46,1
101,02/02/2021 06:46,12
258,02/02/2021 06:45,7
56,02/02/2021 06:37,3
159,02/02/2021 06:40,14
72,02/02/2021 06:46,4
146,02/02/2021 06:46,11
261,02/02/2021 06:45,6
151,02/02/2021 06:46,18
238,02/02/2021 06:45,14
80,02/02/2021 06:42,14
57,02/02/2021 06:44,5
269,02/02/2021 06:45,5
285,02/02/2021 06:40,10
58,02/02/2021 06:45,6
272,02/02/2021 06:45,9
95,02/02/2021 06:37,18
222,02/02/2021 06:40,9
92,02/01/2021 21:01,5
38,02/02/2021 06:37,22
140,02/02/2021 06:37,16
4,02/02/2021 06:44,1
136,02/02/2021 06:37,10
176,02/02/2021 06:45,13
142,02/02/2021 06:46,3
237,02/02/2021 06:46,1
28,02/02/2021 06:46,3
182,02/02/2021 06:40,7
94,02/02/2021 06:44,18
206,02/02/2021 06:45,3
127,02/02/2021 06:37,10
279,02/02/2021 06:41,2
88,02/02/2021 06:46,3
251,02/02/2021 06:44,16
226,02/02/2021 06:41,6
91,02/02/2021 06:43,11
122,02/02/2021 06:39,6
185,02/02/2021 06:46,5
27,02/02/2021 06:45,3
220,02/02/2021 06:37,6
209,02/02/2021 06:40,3
78,02/02/2021 06:38,12
26,02/02/2021 06:40,3
230,02/02/2021 06:45,6
149,02/02/2021 06:42,14
59,02/02/2021 06:37,13
42,02/02/2021 06:46,9
246,02/02/2021 06:37,15
219,02/02/2021 06:46,10
163,02/02/2021 06:37,14
99,02/02/2021 06:40,1
267,02/02/2021 06:45,10
113,02/02/2021 06:40,8
133,02/02/2021 06:44,18
148,02/02/2021 06:37,15
283,02/02/2021 06:45,14
167,02/02/2021 06:46,18
205,02/02/2021 06:43,8
265,02/02/2021 06:46,14
116,02/02/2021 06:40,8
86,02/02/2021 06:45,14
66,02/02/2021 06:40,6
34,02/02/2021 06:37,2
240,02/02/2021 06:43,9
119,02/02/2021 06:41,20
275,02/02/2021 06:40,0
18,02/02/2021 06:41,2
160,02/02/2021 06:40,15
282,02/02/2021 06:41,13
130,02/02/2021 06:39,15
12,02/02/2021 06:43,3
117,02/02/2021 06:38,12
43,02/02/2021 06:45,3
232,02/02/2021 06:46,6
61,02/02/2021 06:45,11
211,02/02/2021 06:39,4
165,02/02/2021 06:36,8
278,02/02/2021 06:46,2
270,02/02/2021 06:39,13
103,02/02/2021 06:38,15
17,02/02/2021 06:41,12
46,02/02/2021 06:39,2
218,02/02/2021 06:39,14
203,02/02/2021 06:41,19
132,02/02/2021 06:38,15
145,02/02/2021 06:42,16
32,02/02/2021 06:39,4
5,02/02/2021 06:45,19
110,02/02/2021 06:43,7
125,02/02/2021 06:37,12
63,02/02/2021 06:46,4
177,02/02/2021 06:37,6
73,02/02/2021 06:45,10
200,02/02/2021 06:45,1
14,02/02/2021 06:46,3
181,02/02/2021 06:41,15
50,02/02/2021 06:46,11
20,02/02/2021 06:44,0
155,02/02/2021 06:46,11
264,02/02/2021 06:37,5
256,02/02/2021 06:45,10
69,02/02/2021 06:45,4
157,02/02/2021 06:39,16
189,02/02/2021 06:37,12
55,02/02/2021 07:08,2
195,02/02/2021 07:15,13
29,02/02/2021 07:13,2
280,02/02/2021 07:15,16
156,02/02/2021 07:13,14
242,02/02/2021 07:09,2
224,02/02/2021 07:12,0
229,02/02/2021 07:08,2
154,02/02/2021 07:08,14
96,02/02/2021 07:10,9
65,02/02/2021 07:16,4
22,02/02/2021 07:08,6
236,02/02/2021 07:13,9
111,02/02/2021 07:16,18
152,02/02/2021 07:12,18
243,02/02/2021 07:09,8
174,02/02/2021 07:08,15
276,02/02/2021 07:16,3
77,02/02/2021 07:12,2
137,02/02/2021 07:15,13
144,02/02/2021 07:13,9
40,02/02/2021 07:11,11
25,02/02/2021 07:09,1
74,02/02/2021 07:06,6
71,02/02/2021 07:12,1
105,02/02/2021 07:12,9
64,02/02/2021 07:15,3
3,02/02/2021 07:06,1
93,02/02/2021 07:16,12
139,02/02/2021 07:14,15
81,02/02/2021 07:13,24
60,02/02/2021 07:14,22
36,02/02/2021 07:16,10
227,02/02/2021 07:12,1
248,02/02/2021 07:08,13
53,02/02/2021 07:13,2
187,02/02/2021 07:15,7
87,02/02/2021 07:12,9
225,02/02/2021 07:08,5
121,02/02/2021 07:13,2
84,02/02/2021 07:14,9
208,02/02/2021 07:16,5
131,02/02/2021 07:06,8
239,02/02/2021 07:09,10
1,02/02/2021 07:14,2
37,02/02/2021 07:15,9
7,02/02/2021 07:15,6
259,02/02/2021 07:09,11
234,02/02/2021 07:12,12
192,02/02/2021 07:15,4
48,02/02/2021 07:12,9
175,02/02/2021 07:16,19
266,02/02/2021 07:15,10
166,02/02/2021 07:16,6
135,02/02/2021 07:16,12
79,02/02/2021 07:16,6
210,02/02/2021 07:08,11
75,02/02/2021 07:13,7
115,02/02/2021 07:10,13
221,02/02/2021 07:14,11
128,02/02/2021 07:08,21
67,02/02/2021 07:11,11
188,02/02/2021 07:14,6
118,02/02/2021 07:11,10
178,02/02/2021 07:06,6
41,02/02/2021 07:10,5
90,02/02/2021 07:08,13
68,02/02/2021 07:11,0
147,02/02/2021 07:09,11
109,02/02/2021 07:09,2
153,02/02/2021 07:11,14
262,02/02/2021 07:14,8
197,02/02/2021 07:11,15
23,02/02/2021 07:10,2
273,02/02/2021 07:16,1
183,02/02/2021 07:12,12
126,02/02/2021 07:08,17
255,02/02/2021 07:16,14
233,02/02/2021 07:11,12
254,02/02/2021 07:09,11
21,02/02/2021 07:11,1
62,02/02/2021 07:12,6
244,02/02/2021 07:07,12
24,02/02/2021 07:16,5
245,02/02/2021 07:11,9
196,02/02/2021 07:16,8
281,02/02/2021 07:13,12
260,02/02/2021 07:16,9
228,02/02/2021 07:16,1
124,02/02/2021 07:07,13
207,02/02/2021 07:16,3
11,02/02/2021 07:16,2
186,02/02/2021 07:15,3
235,02/02/2021 07:15,15
288,02/02/2021 07:11,13
150,02/02/2021 07:14,17
252,02/02/2021 07:08,9
184,02/02/2021 07:06,7
271,02/02/2021 07:15,4
33,02/02/2021 07:09,3
161,02/02/2021 07:12,12
172,02/02/2021 07:12,10
120,02/02/2021 07:10,7
268,02/02/2021 07:07,0
217,02/02/2021 07:13,13
82,02/02/2021 07:15,14
173,02/02/2021 07:13,19
70,02/02/2021 07:13,13
141,02/02/2021 07:16,14
108,02/02/2021 07:09,5
85,02/02/2021 07:15,7
202,02/02/2021 07:14,11
102,02/02/2021 07:13,10
143,02/02/2021 07:07,14
106,02/02/2021 07:12,12
30,02/02/2021 07:14,1
170,02/02/2021 07:10,11
274,02/02/2021 07:14,9
123,02/02/2021 07:13,4
6,02/02/2021 07:10,1
213,02/02/2021 07:06,13
257,02/02/2021 07:16,6
9,02/02/2021 07:14,9
97,02/02/2021 07:16,6
49,02/02/2021 07:11,2
191,02/02/2021 07:11,13
52,02/02/2021 07:07,4
104,02/02/2021 07:15,5
19,02/02/2021 07:15,4
13,02/02/2021 07:07,0
129,02/02/2021 07:13,11
287,02/02/2021 07:07,11
212,02/02/2021 07:10,6
284,02/02/2021 07:15,8
158,02/02/2021 07:16,13
168,02/02/2021 07:10,13
179,02/02/2021 07:08,7
204,02/02/2021 07:12,17
249,02/02/2021 07:06,12
15,02/02/2021 07:16,14
247,02/02/2021 07:14,7
134,02/02/2021 07:10,10
112,02/02/2021 07:12,18
76,02/02/2021 07:15,19
193,02/02/2021 07:14,2
190,02/02/2021 07:08,10
241,02/02/2021 07:16,3
253,02/02/2021 07:13,10
89,02/02/2021 07:15,7
100,02/02/2021 07:14,13
215,02/02/2021 07:13,6
54,02/02/2021 07:12,12
8,02/02/2021 07:11,7
180,02/02/2021 07:12,16
277,02/02/2021 07:16,8
214,02/02/2021 07:09,11
114,02/02/2021 07:16,7
2,02/02/2021 07:11,1
199,02/02/2021 07:13,8
223,02/02/2021 07:13,8
164,02/02/2021 07:16,6
51,02/02/2021 07:16,7
10,02/02/2021 07:11,26
35,02/02/2021 07:15,2
250,02/02/2021 07:11,1
45,02/02/2021 07:13,8
83,02/02/2021 07:10,7
47,02/02/2021 07:12,10
231,02/02/2021 07:10,6
44,02/02/2021 07:08,3
171,02/02/2021 07:16,5
162,02/02/2021 07:14,10
31,02/02/2021 07:16,1
138,02/02/2021 07:08,11
216,02/02/2021 07:13,10
194,02/02/2021 07:14,2
98,02/02/2021 07:15,18
263,02/02/2021 07:16,7
16,02/02/2021 07:10,14
169,02/02/2021 07:15,16
39,02/02/2021 07:14,14
201,02/02/2021 07:11,2
198,02/02/2021 07:16,1
101,02/02/2021 07:13,12
258,02/02/2021 07:16,7
56,02/02/2021 07:08,3
159,02/02/2021 07:10,14
72,02/02/2021 07:06,4
146,02/02/2021 07:06,11
261,02/02/2021 07:16,6
151,02/02/2021 07:06,17
238,02/02/2021 07:16,14
80,02/02/2021 07:12,14
57,02/02/2021 07:13,5
269,02/02/2021 07:16,5
285,02/02/2021 07:09,9
58,02/02/2021 07:16,5
272,02/02/2021 07:16,9
95,02/02/2021 07:07,17
222,02/02/2021 07:11,9
92,02/01/2021 21:01,5
38,02/02/2021 07:07,19
140,02/02/2021 07:08,16
4,02/02/2021 07:13,0
136,02/02/2021 07:13,10
176,02/02/2021 07:16,13
142,02/02/2021 07:07,3
237,02/02/2021 07:16,1
28,02/02/2021 07:15,4
182,02/02/2021 07:10,7
94,02/02/2021 07:16,17
206,02/02/2021 07:09,9
127,02/02/2021 07:08,10
279,02/02/2021 07:08,3
88,02/02/2021 07:16,3
251,02/02/2021 07:16,17
226,02/02/2021 07:11,6
91,02/02/2021 07:16,11
122,02/02/2021 07:09,6
185,02/02/2021 07:16,5
27,02/02/2021 07:16,2
220,02/02/2021 07:07,6
209,02/02/2021 07:11,3
78,02/02/2021 07:11,13
26,02/02/2021 07:10,3
230,02/02/2021 07:16,6
149,02/02/2021 07:12,14
59,02/02/2021 07:07,13
42,02/02/2021 07:09,9
246,02/02/2021 07:07,15
219,02/02/2021 07:06,10
163,02/02/2021 07:14,13
99,02/02/2021 07:10,1
267,02/02/2021 07:16,10
113,02/02/2021 07:11,7
133,02/02/2021 07:08,17
148,02/02/2021 07:08,15
283,02/02/2021 07:16,10
167,02/02/2021 07:06,18
205,02/02/2021 07:13,8
265,02/02/2021 07:16,14
116,02/02/2021 07:10,8
86,02/02/2021 07:15,15
66,02/02/2021 07:11,6
34,02/02/2021 07:08,2
240,02/02/2021 07:14,9
119,02/02/2021 07:11,20
275,02/02/2021 07:10,0
18,02/02/2021 07:11,2
160,02/02/2021 07:11,15
282,02/02/2021 07:07,12
130,02/02/2021 07:09,15
12,02/02/2021 07:14,3
117,02/02/2021 07:08,12
43,02/02/2021 07:16,4
232,02/02/2021 07:12,7
61,02/02/2021 07:14,13
211,02/02/2021 07:10,4
165,02/02/2021 07:07,8
278,02/02/2021 07:06,2
270,02/02/2021 07:10,13
103,02/02/2021 07:09,15
17,02/02/2021 07:11,12
46,02/02/2021 07:12,3
218,02/02/2021 07:10,14
203,02/02/2021 07:09,10
132,02/02/2021 07:07,15
145,02/02/2021 07:12,16
32,02/02/2021 07:10,4
5,02/02/2021 07:09,17
110,02/02/2021 07:13,7
125,02/02/2021 07:07,12
63,02/02/2021 07:06,4
177,02/02/2021 07:08,6
73,02/02/2021 07:08,12
200,02/02/2021 07:16,1
14,02/02/2021 07:07,3
181,02/02/2021 07:11,15
50,02/02/2021 07:16,11
20,02/02/2021 07:16,0
155,02/02/2021 07:10,10
264,02/02/2021 07:08,5
256,02/02/2021 07:16,10
69,02/02/2021 07:16,4
157,02/02/2021 07:09,16
189,02/02/2021 07:08,11
55,02/02/2021 07:46,3
195,02/02/2021 07:41,11
29,02/02/2021 07:44,2
280,02/02/2021 07:39,15
156,02/02/2021 07:43,14
242,02/02/2021 07:42,3
224,02/02/2021 07:42,0
229,02/02/2021 07:40,3
154,02/02/2021 07:46,8
96,02/02/2021 07:40,18
65,02/02/2021 07:37,4
22,02/02/2021 07:43,5
236,02/02/2021 07:43,9
111,02/02/2021 07:46,18
152,02/02/2021 07:46,17
243,02/02/2021 07:43,9
174,02/02/2021 07:39,15
276,02/02/2021 07:37,3
77,02/02/2021 07:44,4
137,02/02/2021 07:42,11
144,02/02/2021 07:43,9
40,02/02/2021 07:45,7
25,02/02/2021 07:40,2
74,02/02/2021 07:43,5
71,02/02/2021 07:43,1
105,02/02/2021 07:42,9
64,02/02/2021 07:46,3
3,02/02/2021 07:46,0
93,02/02/2021 07:37,12
139,02/02/2021 07:41,15
81,02/02/2021 07:44,24
60,02/02/2021 07:44,22
36,02/02/2021 07:44,7
227,02/02/2021 07:45,2
248,02/02/2021 07:45,11
53,02/02/2021 07:43,3
187,02/02/2021 07:46,7
87,02/02/2021 07:42,9
225,02/02/2021 07:38,5
121,02/02/2021 07:46,2
84,02/02/2021 07:46,8
208,02/02/2021 07:36,5
131,02/02/2021 07:44,7
239,02/02/2021 07:45,11
1,02/02/2021 07:37,3
37,02/02/2021 07:37,9
7,02/02/2021 07:45,5
259,02/02/2021 07:40,11
234,02/02/2021 07:42,12
192,02/02/2021 07:40,4
48,02/02/2021 07:45,7
175,02/02/2021 07:42,9
266,02/02/2021 07:42,10
166,02/02/2021 07:45,7
135,02/02/2021 07:42,11
79,02/02/2021 07:46,6
210,02/02/2021 07:39,11
75,02/02/2021 07:44,7
115,02/02/2021 07:39,14
221,02/02/2021 07:44,11
128,02/02/2021 07:44,20
67,02/02/2021 07:45,11
188,02/02/2021 07:46,6
118,02/02/2021 07:45,8
178,02/02/2021 07:37,6
41,02/02/2021 07:43,3
90,02/02/2021 07:37,12
68,02/02/2021 07:42,3
147,02/02/2021 07:43,11
109,02/02/2021 07:41,5
153,02/02/2021 07:43,13
262,02/02/2021 07:44,8
197,02/02/2021 07:44,15
23,02/02/2021 07:44,3
273,02/02/2021 07:37,1
183,02/02/2021 07:46,12
126,02/02/2021 07:46,18
255,02/02/2021 07:45,15
233,02/02/2021 07:39,13
254,02/02/2021 07:39,11
21,02/02/2021 07:45,1
62,02/02/2021 07:38,15
244,02/02/2021 07:39,5
24,02/02/2021 07:41,9
245,02/02/2021 07:45,10
196,02/02/2021 07:45,7
281,02/02/2021 07:41,12
260,02/02/2021 07:46,9
228,02/02/2021 07:46,1
124,02/02/2021 07:42,14
207,02/02/2021 07:37,3
11,02/02/2021 07:45,2
186,02/02/2021 07:44,4
235,02/02/2021 07:40,14
288,02/02/2021 07:42,12
150,02/02/2021 07:45,17
252,02/02/2021 07:45,11
184,02/02/2021 07:37,6
271,02/02/2021 07:45,4
33,02/02/2021 07:46,3
161,02/02/2021 07:44,11
172,02/02/2021 07:42,10
120,02/02/2021 07:42,4
268,02/02/2021 07:37,0
217,02/02/2021 07:44,13
82,02/02/2021 07:38,13
173,02/02/2021 07:45,19
70,02/02/2021 07:42,12
141,02/02/2021 07:46,14
108,02/02/2021 07:40,5
85,02/02/2021 07:38,7
202,02/02/2021 07:44,12
102,02/02/2021 07:44,10
143,02/02/2021 07:43,13
106,02/02/2021 07:41,11
30,02/02/2021 07:45,1
170,02/02/2021 07:40,11
274,02/02/2021 07:44,9
123,02/02/2021 07:45,8
6,02/02/2021 07:46,0
213,02/02/2021 07:45,13
257,02/02/2021 07:46,6
9,02/02/2021 07:40,10
97,02/02/2021 07:37,12
49,02/02/2021 07:46,2
191,02/02/2021 07:43,14
52,02/02/2021 07:39,3
104,02/02/2021 07:42,6
19,02/02/2021 07:45,4
13,02/02/2021 07:42,2
129,02/02/2021 07:42,12
287,02/02/2021 07:38,11
212,02/02/2021 07:41,6
284,02/02/2021 07:43,8
158,02/02/2021 07:46,8
168,02/02/2021 07:45,12
179,02/02/2021 07:38,6
204,02/02/2021 07:44,15
249,02/02/2021 07:37,12
15,02/02/2021 07:38,13
247,02/02/2021 07:44,7
134,02/02/2021 07:41,10
112,02/02/2021 07:46,13
76,02/02/2021 07:45,18
193,02/02/2021 07:43,3
190,02/02/2021 07:38,10
241,02/02/2021 07:46,3
253,02/02/2021 07:43,10
89,02/02/2021 07:42,11
100,02/02/2021 07:46,12
215,02/02/2021 07:44,5
54,02/02/2021 07:42,12
8,02/02/2021 07:45,5
180,02/02/2021 07:43,16
277,02/02/2021 07:46,8
214,02/02/2021 07:45,11
114,02/02/2021 07:39,6
2,02/02/2021 07:46,2
199,02/02/2021 07:44,8
223,02/02/2021 07:46,9
164,02/02/2021 07:36,6
51,02/02/2021 07:37,7
10,02/02/2021 07:45,31
35,02/02/2021 07:44,9
250,02/02/2021 07:46,0
45,02/02/2021 07:39,7
83,02/02/2021 07:42,7
47,02/02/2021 07:43,10
231,02/02/2021 07:46,6
44,02/02/2021 07:37,3
171,02/02/2021 07:37,5
162,02/02/2021 07:44,10
31,02/02/2021 07:45,2
138,02/02/2021 07:45,12
216,02/02/2021 07:44,10
194,02/02/2021 07:44,2
98,02/02/2021 07:43,17
263,02/02/2021 07:46,7
16,02/02/2021 07:45,13
169,02/02/2021 07:40,17
39,02/02/2021 07:44,13
201,02/02/2021 07:44,0
198,02/02/2021 07:39,7
101,02/02/2021 07:46,9
258,02/02/2021 07:46,7
56,02/02/2021 07:45,4
159,02/02/2021 07:41,12
72,02/02/2021 07:37,4
146,02/02/2021 07:45,12
261,02/02/2021 07:46,6
151,02/02/2021 07:36,17
238,02/02/2021 07:39,12
80,02/02/2021 07:46,14
57,02/02/2021 07:46,3
269,02/02/2021 07:46,5
285,02/02/2021 07:44,10
58,02/02/2021 07:39,3
272,02/02/2021 07:37,9
95,02/02/2021 07:41,17
222,02/02/2021 07:43,11
92,02/01/2021 21:01,5
38,02/02/2021 07:39,19
140,02/02/2021 07:44,16
4,02/02/2021 07:45,4
136,02/02/2021 07:43,10
176,02/02/2021 07:45,13
142,02/02/2021 07:45,4
237,02/02/2021 07:37,1
28,02/02/2021 07:46,5
182,02/02/2021 07:43,8
94,02/02/2021 07:42,17
206,02/02/2021 07:40,9
127,02/02/2021 07:38,9
279,02/02/2021 07:38,3
88,02/02/2021 07:41,5
251,02/02/2021 07:38,16
226,02/02/2021 07:46,6
91,02/02/2021 07:39,9
122,02/02/2021 07:40,6
185,02/02/2021 07:36,5
27,02/02/2021 07:46,2
220,02/02/2021 07:38,6
209,02/02/2021 07:41,3
78,02/02/2021 07:46,13
26,02/02/2021 07:41,3
230,02/02/2021 07:46,6
149,02/02/2021 07:44,14
59,02/02/2021 07:46,11
42,02/02/2021 07:41,10
246,02/02/2021 07:38,15
219,02/02/2021 07:37,10
163,02/02/2021 07:43,12
99,02/02/2021 07:41,1
267,02/02/2021 07:45,10
113,02/02/2021 07:45,6
133,02/02/2021 07:43,15
148,02/02/2021 07:41,14
283,02/02/2021 07:37,5
167,02/02/2021 07:37,18
205,02/02/2021 07:44,8
265,02/02/2021 07:37,14
116,02/02/2021 07:42,9
86,02/02/2021 07:40,14
66,02/02/2021 07:41,6
34,02/02/2021 07:38,2
240,02/02/2021 07:46,10
119,02/02/2021 07:43,19
275,02/02/2021 07:40,0
18,02/02/2021 07:37,1
160,02/02/2021 07:46,15
282,02/02/2021 07:38,12
130,02/02/2021 07:39,15
12,02/02/2021 07:43,4
117,02/02/2021 07:46,11
43,02/02/2021 07:46,4
232,02/02/2021 07:42,5
61,02/02/2021 07:46,20
211,02/02/2021 07:40,4
165,02/02/2021 07:37,8
278,02/02/2021 07:37,2
270,02/02/2021 07:45,10
103,02/02/2021 07:45,16
17,02/02/2021 07:42,12
46,02/02/2021 07:46,3
218,02/02/2021 07:46,12
203,02/02/2021 07:39,10
132,02/02/2021 07:43,13
145,02/02/2021 07:40,15
32,02/02/2021 07:45,5
5,02/02/2021 07:41,17
110,02/02/2021 07:43,7
125,02/02/2021 07:45,16
63,02/02/2021 07:37,4
177,02/02/2021 07:38,6
73,02/02/2021 07:42,13
200,02/02/2021 07:46,1
14,02/02/2021 07:37,3
181,02/02/2021 07:42,15
50,02/02/2021 07:37,11
20,02/02/2021 07:46,0
155,02/02/2021 07:45,11
264,02/02/2021 07:39,5
256,02/02/2021 07:46,10
69,02/02/2021 07:37,5
157,02/02/2021 07:46,15
189,02/02/2021 07:44,9
55,02/02/2021 08:10,11
195,02/02/2021 08:16,9
29,02/02/2021 08:13,1
280,02/02/2021 08:15,12
156,02/02/2021 08:11,11
242,02/02/2021 08:13,3
224,02/02/2021 08:14,1
229,02/02/2021 08:09,4
154,02/02/2021 08:12,17
96,02/02/2021 08:16,14
65,02/02/2021 08:10,2
22,02/02/2021 08:16,7
236,02/02/2021 08:12,10
111,02/02/2021 08:16,13
152,02/02/2021 08:13,16
243,02/02/2021 08:07,8
174,02/02/2021 08:10,15
276,02/02/2021 08:11,3
77,02/02/2021 08:12,5
137,02/02/2021 08:08,7
144,02/02/2021 08:16,9
40,02/02/2021 08:07,5
25,02/02/2021 08:16,4
74,02/02/2021 08:15,7
71,02/02/2021 08:13,1
105,02/02/2021 08:13,10
64,02/02/2021 08:16,8
3,02/02/2021 08:10,0
93,02/02/2021 08:15,13
139,02/02/2021 08:13,11
81,02/02/2021 08:14,23
60,02/02/2021 08:15,23
36,02/02/2021 08:15,6
227,02/02/2021 08:16,6
248,02/02/2021 08:09,11
53,02/02/2021 08:15,5
187,02/02/2021 08:16,7
87,02/02/2021 08:16,12
225,02/02/2021 08:09,5
121,02/02/2021 08:07,2
84,02/02/2021 08:14,11
208,02/02/2021 08:12,4
131,02/02/2021 08:13,6
239,02/02/2021 08:10,12
1,02/02/2021 08:12,3
37,02/02/2021 08:09,9
7,02/02/2021 08:12,4
259,02/02/2021 08:14,14
234,02/02/2021 08:15,12
192,02/02/2021 08:10,4
48,02/02/2021 08:13,8
175,02/02/2021 08:16,8
266,02/02/2021 08:11,9
166,02/02/2021 08:08,9
135,02/02/2021 08:15,9
79,02/02/2021 08:15,6
210,02/02/2021 08:09,11
75,02/02/2021 08:14,10
115,02/02/2021 08:10,11
221,02/02/2021 08:10,12
128,02/02/2021 08:12,18
67,02/02/2021 08:15,11
188,02/02/2021 08:09,6
118,02/02/2021 08:10,10
178,02/02/2021 08:11,7
41,02/02/2021 08:12,10
90,02/02/2021 08:10,11
68,02/02/2021 08:16,7
147,02/02/2021 08:14,10
109,02/02/2021 08:12,8
153,02/02/2021 08:07,11
262,02/02/2021 08:15,8
197,02/02/2021 08:14,14
23,02/02/2021 08:15,5
273,02/02/2021 08:15,3
183,02/02/2021 08:15,12
126,02/02/2021 08:15,15
255,02/02/2021 08:16,7
233,02/02/2021 08:15,11
254,02/02/2021 08:10,11
21,02/02/2021 08:11,3
62,02/02/2021 08:15,16
244,02/02/2021 08:09,5
24,02/02/2021 08:10,11
245,02/02/2021 08:15,16
196,02/02/2021 08:07,5
281,02/02/2021 08:16,12
260,02/02/2021 08:08,8
228,02/02/2021 08:16,2
124,02/02/2021 08:11,12
207,02/02/2021 08:07,3
11,02/02/2021 08:08,3
186,02/02/2021 08:10,3
235,02/02/2021 08:16,16
288,02/02/2021 08:12,12
150,02/02/2021 08:15,17
252,02/02/2021 08:09,10
184,02/02/2021 08:08,6
271,02/02/2021 08:16,4
33,02/02/2021 08:12,3
161,02/02/2021 08:07,12
172,02/02/2021 08:13,10
120,02/02/2021 08:09,5
268,02/02/2021 08:08,0
217,02/02/2021 08:11,10
82,02/02/2021 08:15,13
173,02/02/2021 08:08,18
70,02/02/2021 08:14,10
141,02/02/2021 08:07,14
108,02/02/2021 08:15,8
85,02/02/2021 08:10,7
202,02/02/2021 08:08,8
102,02/02/2021 08:16,13
143,02/02/2021 08:14,13
106,02/02/2021 08:10,12
30,02/02/2021 08:12,11
170,02/02/2021 08:11,11
274,02/02/2021 08:16,10
123,02/02/2021 08:16,9
6,02/02/2021 08:10,2
213,02/02/2021 08:13,7
257,02/02/2021 08:07,6
9,02/02/2021 08:15,9
97,02/02/2021 08:16,10
49,02/02/2021 08:09,1
191,02/02/2021 08:13,13
52,02/02/2021 08:10,6
104,02/02/2021 08:11,7
19,02/02/2021 08:08,3
13,02/02/2021 08:15,4
129,02/02/2021 08:11,14
287,02/02/2021 08:10,10
212,02/02/2021 08:07,5
284,02/02/2021 08:15,8
158,02/02/2021 08:10,8
168,02/02/2021 08:10,11
179,02/02/2021 08:13,6
204,02/02/2021 08:14,15
249,02/02/2021 08:12,12
15,02/02/2021 08:13,13
247,02/02/2021 08:15,7
134,02/02/2021 08:10,6
112,02/02/2021 08:14,9
76,02/02/2021 08:16,13
193,02/02/2021 08:08,4
190,02/02/2021 08:13,9
241,02/02/2021 08:14,2
253,02/02/2021 08:14,10
89,02/02/2021 08:07,8
100,02/02/2021 08:16,10
215,02/02/2021 08:15,4
54,02/02/2021 08:16,9
8,02/02/2021 08:14,5
180,02/02/2021 08:13,16
277,02/02/2021 08:07,8
214,02/02/2021 08:16,8
114,02/02/2021 08:13,4
2,02/02/2021 08:16,5
199,02/02/2021 08:10,11
223,02/02/2021 08:13,10
164,02/02/2021 08:09,5
51,02/02/2021 08:16,9
10,02/02/2021 08:15,30
35,02/02/2021 08:12,8
250,02/02/2021 08:09,1
45,02/02/2021 08:15,6
83,02/02/2021 08:11,6
47,02/02/2021 08:15,10
231,02/02/2021 08:09,7
44,02/02/2021 08:16,2
171,02/02/2021 08:07,5
162,02/02/2021 08:07,9
31,02/02/2021 08:16,5
138,02/02/2021 08:08,12
216,02/02/2021 08:14,10
194,02/02/2021 08:14,2
98,02/02/2021 08:16,15
263,02/02/2021 08:08,8
16,02/02/2021 08:15,12
169,02/02/2021 08:16,12
39,02/02/2021 08:11,12
201,02/02/2021 08:07,8
198,02/02/2021 08:08,5
101,02/02/2021 08:16,6
258,02/02/2021 08:06,7
56,02/02/2021 08:13,6
159,02/02/2021 08:12,5
72,02/02/2021 08:10,4
146,02/02/2021 08:09,15
261,02/02/2021 08:07,6
151,02/02/2021 08:07,17
238,02/02/2021 08:09,13
80,02/02/2021 08:16,11
57,02/02/2021 08:16,5
269,02/02/2021 08:06,5
285,02/02/2021 08:09,9
58,02/02/2021 08:13,6
272,02/02/2021 08:08,9
95,02/02/2021 08:14,16
222,02/02/2021 08:14,11
92,02/01/2021 21:01,5
38,02/02/2021 08:10,18
140,02/02/2021 08:09,14
4,02/02/2021 08:12,5
136,02/02/2021 08:13,7
176,02/02/2021 08:14,10
142,02/02/2021 08:15,7
237,02/02/2021 08:07,1
28,02/02/2021 08:09,4
182,02/02/2021 08:13,8
94,02/02/2021 08:09,16
206,02/02/2021 08:10,9
127,02/02/2021 08:11,10
279,02/02/2021 08:07,5
88,02/02/2021 08:16,3
251,02/02/2021 08:14,12
226,02/02/2021 08:07,5
91,02/02/2021 08:10,9
122,02/02/2021 08:11,5
185,02/02/2021 08:13,4
27,02/02/2021 08:10,1
220,02/02/2021 08:08,6
209,02/02/2021 08:12,3
78,02/02/2021 08:12,11
26,02/02/2021 08:15,1
230,02/02/2021 08:10,8
149,02/02/2021 08:13,17
59,02/02/2021 08:16,11
42,02/02/2021 08:09,9
246,02/02/2021 08:08,14
219,02/02/2021 08:07,10
163,02/02/2021 08:10,9
99,02/02/2021 08:11,1
267,02/02/2021 08:15,9
113,02/02/2021 08:15,5
133,02/02/2021 08:16,9
148,02/02/2021 08:09,12
283,02/02/2021 08:07,5
167,02/02/2021 08:08,17
205,02/02/2021 08:14,8
265,02/02/2021 08:08,14
116,02/02/2021 08:10,13
86,02/02/2021 08:10,14
66,02/02/2021 08:14,4
34,02/02/2021 08:08,5
240,02/02/2021 08:16,10
119,02/02/2021 08:11,20
275,02/02/2021 08:11,0
18,02/02/2021 08:07,1
160,02/02/2021 08:15,14
282,02/02/2021 08:16,9
130,02/02/2021 08:12,8
12,02/02/2021 08:09,9
117,02/02/2021 08:13,10
43,02/02/2021 08:15,9
232,02/02/2021 08:11,5
61,02/02/2021 08:16,13
211,02/02/2021 08:11,4
165,02/02/2021 08:08,8
278,02/02/2021 08:15,1
270,02/02/2021 08:08,11
103,02/02/2021 08:12,14
17,02/02/2021 08:12,12
46,02/02/2021 08:14,5
218,02/02/2021 08:06,9
203,02/02/2021 08:10,10
132,02/02/2021 08:14,13
145,02/02/2021 08:08,12
32,02/02/2021 08:12,10
5,02/02/2021 08:16,8
110,02/02/2021 08:14,6
125,02/02/2021 08:13,17
63,02/02/2021 08:13,14
177,02/02/2021 08:11,7
73,02/02/2021 08:11,14
200,02/02/2021 08:07,1
14,02/02/2021 08:08,2
181,02/02/2021 08:12,15
50,02/02/2021 08:09,12
20,02/02/2021 08:07,0
155,02/02/2021 08:13,10
264,02/02/2021 08:09,5
256,02/02/2021 08:06,10
69,02/02/2021 08:16,5
157,02/02/2021 08:16,12
189,02/02/2021 08:11,9
55,02/02/2021 08:45,12
195,02/02/2021 08:46,7
29,02/02/2021 08:45,4
280,02/02/2021 08:45,12
156,02/02/2021 08:41,11
242,02/02/2021 08:43,3
224,02/02/2021 08:44,1
229,02/02/2021 08:38,8
154,02/02/2021 08:42,18
96,02/02/2021 08:46,15
65,02/02/2021 08:39,3
22,02/02/2021 08:46,5
236,02/02/2021 08:46,11
111,02/02/2021 08:42,11
152,02/02/2021 08:44,15
243,02/02/2021 08:37,7
174,02/02/2021 08:46,14
276,02/02/2021 08:45,3
77,02/02/2021 08:38,5
137,02/02/2021 08:38,7
144,02/02/2021 08:39,6
40,02/02/2021 08:46,2
25,02/02/2021 08:46,2
74,02/02/2021 08:37,7
71,02/02/2021 08:43,1
105,02/02/2021 08:43,10
64,02/02/2021 08:40,11
3,02/02/2021 08:46,7
93,02/02/2021 08:43,10
139,02/02/2021 08:46,12
81,02/02/2021 08:44,22
60,02/02/2021 08:46,20
36,02/02/2021 08:37,7
227,02/02/2021 08:46,6
248,02/02/2021 08:45,11
53,02/02/2021 08:46,6
187,02/02/2021 08:46,6
87,02/02/2021 08:46,18
225,02/02/2021 08:46,7
121,02/02/2021 08:37,2
84,02/02/2021 08:43,9
208,02/02/2021 08:42,3
131,02/02/2021 08:38,5
239,02/02/2021 08:37,13
1,02/02/2021 08:43,4
37,02/02/2021 08:44,9
7,02/02/2021 08:45,5
259,02/02/2021 08:44,14
234,02/02/2021 08:44,13
192,02/02/2021 08:41,4
48,02/02/2021 08:40,7
175,02/02/2021 08:46,11
266,02/02/2021 08:46,10
166,02/02/2021 08:45,10
135,02/02/2021 08:46,9
79,02/02/2021 08:43,6
210,02/02/2021 08:42,10
75,02/02/2021 08:46,20
115,02/02/2021 08:37,6
221,02/02/2021 08:43,13
128,02/02/2021 08:45,17
67,02/02/2021 08:39,14
188,02/02/2021 08:39,8
118,02/02/2021 08:42,7
178,02/02/2021 08:42,6
41,02/02/2021 08:46,11
90,02/02/2021 08:45,10
68,02/02/2021 08:46,14
147,02/02/2021 08:46,9
109,02/02/2021 08:46,14
153,02/02/2021 08:40,10
262,02/02/2021 08:45,8
197,02/02/2021 08:39,12
23,02/02/2021 08:46,6
273,02/02/2021 08:45,3
183,02/02/2021 08:44,13
126,02/02/2021 08:46,13
255,02/02/2021 08:46,7
233,02/02/2021 08:46,11
254,02/02/2021 08:40,11
21,02/02/2021 08:43,4
62,02/02/2021 08:45,16
244,02/02/2021 08:40,5
24,02/02/2021 08:44,12
245,02/02/2021 08:43,14
196,02/02/2021 08:43,5
281,02/02/2021 08:43,11
260,02/02/2021 08:39,8
228,02/02/2021 08:40,3
124,02/02/2021 08:42,7
207,02/02/2021 08:38,3
11,02/02/2021 08:40,1
186,02/02/2021 08:41,3
235,02/02/2021 08:46,16
288,02/02/2021 08:46,10
150,02/02/2021 08:46,17
252,02/02/2021 08:38,11
184,02/02/2021 08:38,6
271,02/02/2021 08:38,4
33,02/02/2021 08:38,4
161,02/02/2021 08:41,10
172,02/02/2021 08:43,10
120,02/02/2021 08:45,4
268,02/02/2021 08:41,1
217,02/02/2021 08:41,9
82,02/02/2021 08:37,10
173,02/02/2021 08:38,18
70,02/02/2021 08:38,8
141,02/02/2021 08:37,14
108,02/02/2021 08:46,14
85,02/02/2021 08:37,6
202,02/02/2021 08:38,10
102,02/02/2021 08:43,11
143,02/02/2021 08:42,13
106,02/02/2021 08:44,12
30,02/02/2021 08:42,11
170,02/02/2021 08:41,11
274,02/02/2021 08:38,11
123,02/02/2021 08:46,8
6,02/02/2021 08:45,1
213,02/02/2021 08:42,6
257,02/02/2021 08:40,7
9,02/02/2021 08:46,9
97,02/02/2021 08:39,7
49,02/02/2021 08:37,0
191,02/02/2021 08:40,15
52,02/02/2021 08:42,9
104,02/02/2021 08:42,8
19,02/02/2021 08:40,1
13,02/02/2021 08:46,4
129,02/02/2021 08:44,15
287,02/02/2021 08:45,11
212,02/02/2021 08:37,5
284,02/02/2021 08:46,8
158,02/02/2021 08:37,2
168,02/02/2021 08:39,7
179,02/02/2021 08:44,6
204,02/02/2021 08:46,13
249,02/02/2021 08:38,11
15,02/02/2021 08:44,13
247,02/02/2021 08:39,6
134,02/02/2021 08:42,2
112,02/02/2021 08:45,7
76,02/02/2021 08:44,13
193,02/02/2021 08:43,2
190,02/02/2021 08:42,7
241,02/02/2021 08:44,1
253,02/02/2021 08:44,9
89,02/02/2021 08:44,12
100,02/02/2021 08:41,10
215,02/02/2021 08:38,5
54,02/02/2021 08:39,5
8,02/02/2021 08:37,4
180,02/02/2021 08:44,16
277,02/02/2021 08:37,8
214,02/02/2021 08:46,8
114,02/02/2021 08:46,2
2,02/02/2021 08:46,11
199,02/02/2021 08:41,11
223,02/02/2021 08:40,9
164,02/02/2021 08:46,5
51,02/02/2021 08:46,9
10,02/02/2021 08:46,33
35,02/02/2021 08:46,12
250,02/02/2021 08:39,1
45,02/02/2021 08:40,5
83,02/02/2021 08:45,7
47,02/02/2021 08:38,11
231,02/02/2021 08:44,7
44,02/02/2021 08:46,11
171,02/02/2021 08:42,6
162,02/02/2021 08:41,9
31,02/02/2021 08:44,7
138,02/02/2021 08:44,9
216,02/02/2021 08:46,9
194,02/02/2021 08:39,2
98,02/02/2021 08:44,12
263,02/02/2021 08:38,8
16,02/02/2021 08:38,12
169,02/02/2021 08:38,10
39,02/02/2021 08:46,12
201,02/02/2021 08:43,9
198,02/02/2021 08:38,5
101,02/02/2021 08:40,4
258,02/02/2021 08:37,8
56,02/02/2021 08:38,7
159,02/02/2021 08:41,3
72,02/02/2021 08:37,5
146,02/02/2021 08:42,15
261,02/02/2021 08:42,4
151,02/02/2021 08:41,15
238,02/02/2021 08:42,14
80,02/02/2021 08:38,13
57,02/02/2021 08:44,8
269,02/02/2021 08:37,5
285,02/02/2021 08:40,9
58,02/02/2021 08:45,2
272,02/02/2021 08:43,10
95,02/02/2021 08:42,13
222,02/02/2021 08:43,13
92,02/01/2021 21:01,5
38,02/02/2021 08:38,18
140,02/02/2021 08:39,13
4,02/02/2021 08:45,4
136,02/02/2021 08:43,5
176,02/02/2021 08:39,8
142,02/02/2021 08:45,8
237,02/02/2021 08:46,3
28,02/02/2021 08:46,4
182,02/02/2021 08:37,9
94,02/02/2021 08:44,17
206,02/02/2021 08:41,9
127,02/02/2021 08:41,10
279,02/02/2021 08:41,6
88,02/02/2021 08:46,5
251,02/02/2021 08:46,9
226,02/02/2021 08:45,4
91,02/02/2021 08:40,9
122,02/02/2021 08:46,7
185,02/02/2021 08:42,4
27,02/02/2021 08:46,2
220,02/02/2021 08:45,6
209,02/02/2021 08:42,3
78,02/02/2021 08:40,14
26,02/02/2021 08:39,0
230,02/02/2021 08:40,8
149,02/02/2021 08:42,13
59,02/02/2021 08:43,7
42,02/02/2021 08:42,11
246,02/02/2021 08:45,11
219,02/02/2021 08:38,10
163,02/02/2021 08:45,8
99,02/02/2021 08:37,3
267,02/02/2021 08:46,9
113,02/02/2021 08:44,7
133,02/02/2021 08:41,8
148,02/02/2021 08:42,11
283,02/02/2021 08:38,5
167,02/02/2021 08:38,17
205,02/02/2021 08:44,8
265,02/02/2021 08:38,14
116,02/02/2021 08:45,14
86,02/02/2021 08:44,12
66,02/02/2021 08:45,9
34,02/02/2021 08:44,7
240,02/02/2021 08:42,8
119,02/02/2021 08:41,20
275,02/02/2021 08:42,2
18,02/02/2021 08:41,4
160,02/02/2021 08:45,13
282,02/02/2021 08:46,9
130,02/02/2021 08:42,4
12,02/02/2021 08:44,10
117,02/02/2021 08:46,10
43,02/02/2021 08:43,12
232,02/02/2021 08:41,4
61,02/02/2021 08:46,3
211,02/02/2021 08:41,4
165,02/02/2021 08:41,7
278,02/02/2021 08:46,2
270,02/02/2021 08:43,9
103,02/02/2021 08:45,12
17,02/02/2021 08:39,15
46,02/02/2021 08:36,7
218,02/02/2021 08:38,9
203,02/02/2021 08:37,7
132,02/02/2021 08:42,15
145,02/02/2021 08:46,9
32,02/02/2021 08:38,10
5,02/02/2021 08:46,11
110,02/02/2021 08:45,6
125,02/02/2021 08:43,17
63,02/02/2021 08:43,13
177,02/02/2021 08:39,6
73,02/02/2021 08:44,15
200,02/02/2021 08:40,0
14,02/02/2021 08:44,1
181,02/02/2021 08:42,15
50,02/02/2021 08:39,12
20,02/02/2021 08:46,2
155,02/02/2021 08:44,10
264,02/02/2021 08:39,5
256,02/02/2021 08:37,10
69,02/02/2021 08:46,4
157,02/02/2021 08:45,8
189,02/02/2021 08:46,9
55,02/02/2021 09:10,13
195,02/02/2021 09:14,5
29,02/02/2021 09:12,11
280,02/02/2021 09:12,10
156,02/02/2021 09:07,12
242,02/02/2021 09:10,2
224,02/02/2021 09:09,4
229,02/02/2021 09:09,8
154,02/02/2021 09:11,8
96,02/02/2021 09:16,13
65,02/02/2021 09:16,3
22,02/02/2021 09:16,5
236,02/02/2021 09:06,11
111,02/02/2021 09:13,8
152,02/02/2021 09:15,16
243,02/02/2021 09:08,7
174,02/02/2021 09:16,14
276,02/02/2021 09:14,4
77,02/02/2021 09:11,4
137,02/02/2021 09:16,7
144,02/02/2021 09:10,4
40,02/02/2021 09:10,3
25,02/02/2021 09:15,2
74,02/02/2021 09:07,7
71,02/02/2021 09:13,1
105,02/02/2021 09:16,10
64,02/02/2021 09:16,11
3,02/02/2021 09:13,14
93,02/02/2021 09:12,8
139,02/02/2021 09:10,11
81,02/02/2021 09:07,24
60,02/02/2021 09:10,19
36,02/02/2021 09:15,10
227,02/02/2021 09:09,6
248,02/02/2021 09:08,12
53,02/02/2021 09:11,6
187,02/02/2021 09:10,6
87,02/02/2021 09:11,18
225,02/02/2021 09:16,7
121,02/02/2021 09:15,2
84,02/02/2021 09:07,9
208,02/02/2021 09:08,3
131,02/02/2021 09:08,5
239,02/02/2021 09:14,13
1,02/02/2021 09:09,7
37,02/02/2021 09:06,7
7,02/02/2021 09:16,8
259,02/02/2021 09:14,14
234,02/02/2021 09:15,13
192,02/02/2021 09:08,2
48,02/02/2021 09:15,9
175,02/02/2021 09:11,10
266,02/02/2021 09:16,9
166,02/02/2021 09:15,10
135,02/02/2021 09:15,7
79,02/02/2021 09:13,5
210,02/02/2021 09:16,11
75,02/02/2021 09:13,21
115,02/02/2021 09:10,7
221,02/02/2021 09:13,14
128,02/02/2021 09:09,17
67,02/02/2021 09:13,16
188,02/02/2021 09:09,8
118,02/02/2021 09:12,3
178,02/02/2021 09:12,6
41,02/02/2021 09:12,13
90,02/02/2021 09:11,9
68,02/02/2021 09:15,13
147,02/02/2021 09:14,9
109,02/02/2021 09:15,15
153,02/02/2021 09:11,9
262,02/02/2021 09:16,8
197,02/02/2021 09:09,12
23,02/02/2021 09:10,6
273,02/02/2021 09:16,3
183,02/02/2021 09:09,12
126,02/02/2021 09:09,7
255,02/02/2021 09:10,6
233,02/02/2021 09:14,12
254,02/02/2021 09:11,11
21,02/02/2021 09:10,8
62,02/02/2021 09:12,16
244,02/02/2021 09:09,6
24,02/02/2021 09:16,15
245,02/02/2021 09:12,13
196,02/02/2021 09:16,6
281,02/02/2021 09:10,9
260,02/02/2021 09:15,9
228,02/02/2021 09:14,5
124,02/02/2021 09:11,5
207,02/02/2021 09:08,3
11,02/02/2021 09:16,8
186,02/02/2021 09:14,5
235,02/02/2021 09:11,17
288,02/02/2021 09:14,14
150,02/02/2021 09:12,16
252,02/02/2021 09:09,12
184,02/02/2021 09:09,6
271,02/02/2021 09:13,5
33,02/02/2021 09:14,6
161,02/02/2021 09:11,10
172,02/02/2021 09:14,10
120,02/02/2021 09:11,1
268,02/02/2021 09:11,1
217,02/02/2021 09:12,9
82,02/02/2021 09:11,11
173,02/02/2021 09:08,18
70,02/02/2021 09:16,10
141,02/02/2021 09:15,13
108,02/02/2021 09:09,10
85,02/02/2021 09:16,7
202,02/02/2021 09:08,10
102,02/02/2021 09:07,11
143,02/02/2021 09:13,13
106,02/02/2021 09:12,8
30,02/02/2021 09:16,19
170,02/02/2021 09:09,11
274,02/02/2021 09:09,11
123,02/02/2021 09:12,9
6,02/02/2021 09:13,6
213,02/02/2021 09:08,3
257,02/02/2021 09:10,7
9,02/02/2021 09:16,9
97,02/02/2021 09:13,5
49,02/02/2021 09:13,3
191,02/02/2021 09:07,17
52,02/02/2021 09:12,10
104,02/02/2021 09:10,7
19,02/02/2021 09:16,2
13,02/02/2021 09:16,4
129,02/02/2021 09:14,11
287,02/02/2021 09:15,11
212,02/02/2021 09:07,5
284,02/02/2021 09:13,7
158,02/02/2021 09:15,2
168,02/02/2021 09:15,5
179,02/02/2021 09:14,6
204,02/02/2021 09:09,12
249,02/02/2021 09:08,11
15,02/02/2021 09:13,13
247,02/02/2021 09:10,6
134,02/02/2021 09:10,0
112,02/02/2021 09:15,4
76,02/02/2021 09:07,15
193,02/02/2021 09:11,4
190,02/02/2021 09:16,9
241,02/02/2021 09:15,1
253,02/02/2021 09:14,9
89,02/02/2021 09:11,12
100,02/02/2021 09:08,13
215,02/02/2021 09:11,4
54,02/02/2021 09:07,5
8,02/02/2021 09:09,6
180,02/02/2021 09:14,16
277,02/02/2021 09:08,8
214,02/02/2021 09:07,6
114,02/02/2021 09:09,2
2,02/02/2021 09:14,9
199,02/02/2021 09:11,11
223,02/02/2021 09:10,12
164,02/02/2021 09:12,6
51,02/02/2021 09:13,3
10,02/02/2021 09:15,36
35,02/02/2021 09:06,14
250,02/02/2021 09:12,0
45,02/02/2021 09:16,4
83,02/02/2021 09:11,8
47,02/02/2021 09:09,9
231,02/02/2021 09:11,10
44,02/02/2021 09:12,14
171,02/02/2021 09:13,6
162,02/02/2021 09:11,9
31,02/02/2021 09:15,8
138,02/02/2021 09:12,6
216,02/02/2021 09:16,9
194,02/02/2021 09:09,1
98,02/02/2021 09:11,12
263,02/02/2021 09:09,8
16,02/02/2021 09:14,17
169,02/02/2021 09:12,8
39,02/02/2021 09:15,14
201,02/02/2021 09:07,8
198,02/02/2021 09:09,5
101,02/02/2021 09:14,3
258,02/02/2021 09:15,9
56,02/02/2021 09:08,7
159,02/02/2021 09:14,2
72,02/02/2021 09:14,5
146,02/02/2021 09:16,12
261,02/02/2021 09:13,4
151,02/02/2021 09:15,15
238,02/02/2021 09:12,14
80,02/02/2021 09:13,16
57,02/02/2021 09:16,13
269,02/02/2021 09:07,5
285,02/02/2021 09:08,8
58,02/02/2021 09:16,2
272,02/02/2021 09:14,13
95,02/02/2021 09:12,13
222,02/02/2021 09:15,14
92,02/01/2021 21:01,5
38,02/02/2021 09:15,22
140,02/02/2021 09:14,11
4,02/02/2021 09:10,3
136,02/02/2021 09:16,4
176,02/02/2021 09:16,3
142,02/02/2021 09:08,10
237,02/02/2021 09:07,5
28,02/02/2021 09:15,6
182,02/02/2021 09:11,10
94,02/02/2021 09:11,14
206,02/02/2021 09:08,10
127,02/02/2021 09:14,11
279,02/02/2021 09:13,8
88,02/02/2021 09:14,5
251,02/02/2021 09:06,8
226,02/02/2021 09:08,5
91,02/02/2021 09:11,9
122,02/02/2021 09:14,9
185,02/02/2021 09:06,3
27,02/02/2021 09:14,4
220,02/02/2021 09:16,7
209,02/02/2021 09:12,3
78,02/02/2021 09:08,17
26,02/02/2021 09:12,1
230,02/02/2021 09:10,8
149,02/02/2021 09:11,12
59,02/02/2021 09:08,7
42,02/02/2021 09:11,12
246,02/02/2021 09:09,10
219,02/02/2021 09:08,10
163,02/02/2021 09:07,7
99,02/02/2021 09:10,6
267,02/02/2021 09:16,9
113,02/02/2021 09:12,5
133,02/02/2021 09:16,9
148,02/02/2021 09:15,9
283,02/02/2021 09:11,5
167,02/02/2021 09:08,16
205,02/02/2021 09:15,8
265,02/02/2021 09:14,15
116,02/02/2021 09:11,12
86,02/02/2021 09:09,13
66,02/02/2021 09:12,10
34,02/02/2021 09:07,8
240,02/02/2021 09:11,9
119,02/02/2021 09:14,17
275,02/02/2021 09:14,1
18,02/02/2021 09:10,6
160,02/02/2021 09:16,12
282,02/02/2021 09:16,10
130,02/02/2021 09:08,8
12,02/02/2021 09:15,9
117,02/02/2021 09:07,10
43,02/02/2021 09:14,13
232,02/02/2021 09:13,2
61,02/02/2021 09:14,0
211,02/02/2021 09:12,4
165,02/02/2021 09:14,5
278,02/02/2021 09:11,1
270,02/02/2021 09:12,8
103,02/02/2021 09:11,9
17,02/02/2021 09:07,19
46,02/02/2021 09:10,11
218,02/02/2021 09:16,8
203,02/02/2021 09:14,6
132,02/02/2021 09:08,14
145,02/02/2021 09:14,6
32,02/02/2021 09:08,12
5,02/02/2021 09:08,11
110,02/02/2021 09:15,6
125,02/02/2021 09:14,18
63,02/02/2021 09:07,14
177,02/02/2021 09:09,6
73,02/02/2021 09:15,13
200,02/02/2021 09:11,0
14,02/02/2021 09:16,3
181,02/02/2021 09:13,15
50,02/02/2021 09:10,13
20,02/02/2021 09:15,4
155,02/02/2021 09:16,9
264,02/02/2021 09:09,6
256,02/02/2021 09:07,10
69,02/02/2021 09:10,1
157,02/02/2021 09:08,9
189,02/02/2021 09:07,8
55,02/02/2021 09:40,12
195,02/02/2021 09:46,2
29,02/02/2021 09:43,8
280,02/02/2021 09:43,10
156,02/02/2021 09:37,12
242,02/02/2021 09:41,2
224,02/02/2021 09:42,5
229,02/02/2021 09:39,8
154,02/02/2021 09:41,8
96,02/02/2021 09:46,12
65,02/02/2021 09:46,7
22,02/02/2021 09:42,5
236,02/02/2021 09:37,11
111,02/02/2021 09:39,7
152,02/02/2021 09:40,15
243,02/02/2021 09:38,7
174,02/02/2021 09:46,10
276,02/02/2021 09:44,4
77,02/02/2021 09:39,5
137,02/02/2021 09:37,6
144,02/02/2021 09:43,3
40,02/02/2021 09:44,4
25,02/02/2021 09:44,5
74,02/02/2021 09:38,7
71,02/02/2021 09:44,1
105,02/02/2021 09:40,11
64,02/02/2021 09:46,10
3,02/02/2021 09:44,16
93,02/02/2021 09:46,7
139,02/02/2021 09:41,10
81,02/02/2021 09:37,24
60,02/02/2021 09:46,18
36,02/02/2021 09:42,6
227,02/02/2021 09:42,7
248,02/02/2021 09:38,12
53,02/02/2021 09:38,8
187,02/02/2021 09:41,5
87,02/02/2021 09:41,16
225,02/02/2021 09:40,8
121,02/02/2021 09:45,1
84,02/02/2021 09:42,11
208,02/02/2021 09:39,2
131,02/02/2021 09:42,4
239,02/02/2021 09:42,12
1,02/02/2021 09:39,6
37,02/02/2021 09:37,7
7,02/02/2021 09:39,7
259,02/02/2021 09:45,14
234,02/02/2021 09:45,13
192,02/02/2021 09:38,2
48,02/02/2021 09:43,8
175,02/02/2021 09:42,10
266,02/02/2021 09:46,9
166,02/02/2021 09:45,11
135,02/02/2021 09:46,5
79,02/02/2021 09:42,8
210,02/02/2021 09:46,11
75,02/02/2021 09:40,12
115,02/02/2021 09:41,6
221,02/02/2021 09:45,14
128,02/02/2021 09:44,17
67,02/02/2021 09:43,19
188,02/02/2021 09:38,9
118,02/02/2021 09:44,3
178,02/02/2021 09:46,6
41,02/02/2021 09:45,16
90,02/02/2021 09:41,9
68,02/02/2021 09:45,14
147,02/02/2021 09:38,9
109,02/02/2021 09:44,16
153,02/02/2021 09:46,10
262,02/02/2021 09:46,8
197,02/02/2021 09:40,12
23,02/02/2021 09:41,6
273,02/02/2021 09:46,3
183,02/02/2021 09:43,12
126,02/02/2021 09:42,4
255,02/02/2021 09:41,6
233,02/02/2021 09:46,11
254,02/02/2021 09:41,11
21,02/02/2021 09:41,9
62,02/02/2021 09:43,15
244,02/02/2021 09:40,6
24,02/02/2021 09:36,15
245,02/02/2021 09:43,13
196,02/02/2021 09:41,7
281,02/02/2021 09:44,9
260,02/02/2021 09:46,9
228,02/02/2021 09:46,5
124,02/02/2021 09:44,5
207,02/02/2021 09:38,8
11,02/02/2021 09:41,10
186,02/02/2021 09:44,5
235,02/02/2021 09:46,17
288,02/02/2021 09:44,13
150,02/02/2021 09:42,16
252,02/02/2021 09:39,12
184,02/02/2021 09:39,6
271,02/02/2021 09:44,3
33,02/02/2021 09:45,5
161,02/02/2021 09:41,10
172,02/02/2021 09:44,10
120,02/02/2021 09:42,1
268,02/02/2021 09:43,0
217,02/02/2021 09:42,9
82,02/02/2021 09:41,10
173,02/02/2021 09:38,18
70,02/02/2021 09:40,9
141,02/02/2021 09:46,13
108,02/02/2021 09:39,8
85,02/02/2021 09:45,6
202,02/02/2021 09:39,10
102,02/02/2021 09:44,12
143,02/02/2021 09:44,13
106,02/02/2021 09:42,7
30,02/02/2021 09:43,22
170,02/02/2021 09:40,11
274,02/02/2021 09:46,10
123,02/02/2021 09:37,10
6,02/02/2021 09:38,5
213,02/02/2021 09:39,3
257,02/02/2021 09:42,6
9,02/02/2021 09:37,9
97,02/02/2021 09:37,6
49,02/02/2021 09:46,3
191,02/02/2021 09:38,17
52,02/02/2021 09:42,10
104,02/02/2021 09:42,7
19,02/02/2021 09:43,2
13,02/02/2021 09:45,3
129,02/02/2021 09:42,6
287,02/02/2021 09:46,11
212,02/02/2021 09:38,5
284,02/02/2021 09:40,7
158,02/02/2021 09:40,3
168,02/02/2021 09:46,4
179,02/02/2021 09:44,6
204,02/02/2021 09:42,13
249,02/02/2021 09:39,11
15,02/02/2021 09:44,13
247,02/02/2021 09:40,6
134,02/02/2021 09:46,1
112,02/02/2021 09:45,2
76,02/02/2021 09:46,14
193,02/02/2021 09:43,3
190,02/02/2021 09:42,11
241,02/02/2021 09:45,1
253,02/02/2021 09:44,8
89,02/02/2021 09:39,14
100,02/02/2021 09:37,13
215,02/02/2021 09:38,5
54,02/02/2021 09:43,6
8,02/02/2021 09:45,9
180,02/02/2021 09:44,16
277,02/02/2021 09:38,8
214,02/02/2021 09:38,6
114,02/02/2021 09:43,1
2,02/02/2021 09:46,10
199,02/02/2021 09:45,10
223,02/02/2021 09:41,10
164,02/02/2021 09:42,6
51,02/02/2021 09:42,3
10,02/02/2021 09:41,39
35,02/02/2021 09:46,15
250,02/02/2021 09:38,1
45,02/02/2021 09:41,5
83,02/02/2021 09:43,6
47,02/02/2021 09:46,9
231,02/02/2021 09:39,7
44,02/02/2021 09:46,14
171,02/02/2021 09:41,6
162,02/02/2021 09:42,9
31,02/02/2021 09:43,10
138,02/02/2021 09:45,7
216,02/02/2021 09:36,9
194,02/02/2021 09:40,1
98,02/02/2021 09:41,12
263,02/02/2021 09:39,8
16,02/02/2021 09:45,21
169,02/02/2021 09:38,9
39,02/02/2021 09:41,14
201,02/02/2021 09:38,8
198,02/02/2021 09:37,4
101,02/02/2021 09:39,1
258,02/02/2021 09:46,9
56,02/02/2021 09:38,7
159,02/02/2021 09:46,1
72,02/02/2021 09:45,4
146,02/02/2021 09:41,10
261,02/02/2021 09:43,4
151,02/02/2021 09:46,14
238,02/02/2021 09:42,14
80,02/02/2021 09:44,16
57,02/02/2021 09:37,11
269,02/02/2021 09:38,5
285,02/02/2021 09:36,8
58,02/02/2021 09:45,3
272,02/02/2021 09:43,12
95,02/02/2021 09:38,12
222,02/02/2021 09:46,15
92,02/01/2021 21:01,5
38,02/02/2021 09:44,23
140,02/02/2021 09:42,9
4,02/02/2021 09:40,2
136,02/02/2021 09:46,4
176,02/02/2021 09:44,3
142,02/02/2021 09:41,11
237,02/02/2021 09:44,6
28,02/02/2021 09:46,8
182,02/02/2021 09:42,10
94,02/02/2021 09:44,14
206,02/02/2021 09:39,9
127,02/02/2021 09:46,10
279,02/02/2021 09:44,8
88,02/02/2021 09:45,6
251,02/02/2021 09:45,7
226,02/02/2021 09:46,7
91,02/02/2021 09:44,7
122,02/02/2021 09:44,8
185,02/02/2021 09:37,3
27,02/02/2021 09:44,4
220,02/02/2021 09:37,7
209,02/02/2021 09:43,3
78,02/02/2021 09:45,17
26,02/02/2021 09:39,5
230,02/02/2021 09:41,10
149,02/02/2021 09:42,11
59,02/02/2021 09:45,7
42,02/02/2021 09:39,12
246,02/02/2021 09:45,10
219,02/02/2021 09:39,10
163,02/02/2021 09:39,8
99,02/02/2021 09:45,7
267,02/02/2021 09:37,9
113,02/02/2021 09:43,4
133,02/02/2021 09:41,10
148,02/02/2021 09:40,8
283,02/02/2021 09:42,4
167,02/02/2021 09:38,16
205,02/02/2021 09:45,8
265,02/02/2021 09:45,15
116,02/02/2021 09:41,6
86,02/02/2021 09:40,13
66,02/02/2021 09:46,10
34,02/02/2021 09:38,7
240,02/02/2021 09:44,10
119,02/02/2021 09:46,16
275,02/02/2021 09:45,1
18,02/02/2021 09:36,10
160,02/02/2021 09:38,10
282,02/02/2021 09:41,11
130,02/02/2021 09:37,7
12,02/02/2021 09:41,7
117,02/02/2021 09:45,10
43,02/02/2021 09:46,16
232,02/02/2021 09:43,2
61,02/02/2021 09:43,17
211,02/02/2021 09:42,4
165,02/02/2021 09:45,5
278,02/02/2021 09:41,1
270,02/02/2021 09:43,6
103,02/02/2021 09:41,9
17,02/02/2021 09:46,21
46,02/02/2021 09:42,12
218,02/02/2021 09:37,7
203,02/02/2021 09:45,6
132,02/02/2021 09:39,12
145,02/02/2021 09:41,6
32,02/02/2021 09:46,11
5,02/02/2021 09:45,12
110,02/02/2021 09:42,8
125,02/02/2021 09:45,18
63,02/02/2021 09:38,16
177,02/02/2021 09:40,6
73,02/02/2021 09:45,14
200,02/02/2021 09:41,9
14,02/02/2021 09:43,4
181,02/02/2021 09:43,15
50,02/02/2021 09:41,13
20,02/02/2021 09:38,5
155,02/02/2021 09:45,10
264,02/02/2021 09:40,6
256,02/02/2021 09:38,10
69,02/02/2021 09:44,2
157,02/02/2021 09:39,6
189,02/02/2021 09:37,8
